source_id,first_detection,last_detection,total_detections,active_days,mean_frp,max_frp,observation_span_days,recurrence_rate,detections_per_span_day,mean_gap_hours,std_gap_hours,median_gap_hours,min_gap_hours,max_gap_hours,temporal_regularity,max_active_days_7d,max_active_days_14d,max_active_days_30d,observation_days
SOURCE_0001,2026-08-19 00:00:00+00:00,2026-08-20 00:00:00+00:00,7,2,6.0857142857142845,11.08,1.0,0.2857142857142857,7.0,4.0,8.94427190999916,0.0,0.0,24.0,0.10056040392403998,2,2,2,7
SOURCE_0002,2026-08-19 00:00:00+00:00,2026-08-19 00:00:00+00:00,5,1,3.6479999999999997,8.62,0.0,0.14285714285714285,5.0,0.0,0.0,0.0,0.0,0.0,1.0,1,1,1,7
SOURCE_0003,2026-08-19 00:00:00+00:00,2026-08-19 00:00:00+00:00,1,1,4.21,4.21,0.0,0.14285714285714285,1.0,,,,,,0.0,1,1,1,7
SOURCE_0004,2026-08-19 00:00:00+00:00,2026-08-23 00:00:00+00:00,21,5,19.433809523809526,239.09,4.0,0.7142857142857143,5.25,4.8,9.599999999999998,0.0,0.0,24.0,0.09433962264150945,5,5,5,7
SOURCE_0005,2026-08-19 00:00:00+00:00,2026-08-19 00:00:00+00:00,1,1,5.39,5.39,0.0,0.14285714285714285,1.0,,,,,,0.0,1,1,1,7
SOURCE_0006,2026-08-19 00:00:00+00:00,2026-08-19 00:00:00+00:00,1,1,1.95,1.95,0.0,0.14285714285714285,1.0,,,,,,0.0,1,1,1,7
SOURCE_0007,2026-08-19 00:00:00+00:00,2026-08-19 00:00:00+00:00,4,1,5.3875,6.62,0.0,0.14285714285714285,4.0,0.0,0.0,0.0,0.0,0.0,1.0,1,1,1,7
SOURCE_0008,2026-08-19 00:00:00+00:00,2026-08-19 00:00:00+00:00,1,1,5.93,5.93,0.0,0.14285714285714285,1.0,,,,,,0.0,1,1,1,7
SOURCE_0009,2026-08-19 00:00:00+00:00,2026-08-20 00:00:00+00:00,3,2,6.276666666666666,7.3,1.0,0.2857142857142857,3.0,12.0,12.0,12.0,0.0,24.0,0.07692307692307693,2,2,2,7
SOURCE_0010,2026-08-19 00:00:00+00:00,2026-08-20 00:00:00+00:00,2,2,1.94,2.63,1.0,0.2857142857142857,2.0,24.0,0.0,24.0,24.0,24.0,0.0,2,2,2,7
SOURCE_0011,2026-08-19 00:00:00+00:00,2026-08-20 00:00:00+00:00,4,2,1.1475,1.64,1.0,0.2857142857142857,4.0,8.0,11.313708498984761,0.0,0.0,24.0,0.08121030314161228,2,2,2,7
SOURCE_0012,2026-08-19 00:00:00+00:00,2026-08-23 00:00:00+00:00,22,5,2.377727272727273,6.75,4.0,0.7142857142857143,5.5,4.571428571428571,9.424241429983226,0.0,0.0,24.0,0.09593024170791957,5,5,5,7
SOURCE_0013,2026-08-19 00:00:00+00:00,2026-08-19 00:00:00+00:00,1,1,1.47,1.47,0.0,0.14285714285714285,1.0,,,,,,0.0,1,1,1,7
SOURCE_0014,2026-08-19 00:00:00+00:00,2026-08-19 00:00:00+00:00,1,1,0.98,0.98,0.0,0.14285714285714285,1.0,,,,,,0.0,1,1,1,7
SOURCE_0015,2026-08-19 00:00:00+00:00,2026-08-23 00:00:00+00:00,44,5,2.495227272727273,8.98,4.0,0.7142857142857143,11.0,2.2325581395348837,6.971160556351702,0.0,0.0,24.0,0.12545224662463544,5,5,5,7
SOURCE_0016,2026-08-19 00:00:00+00:00,2026-08-20 00:00:00+00:00,2,2,2.13,2.59,1.0,0.2857142857142857,2.0,24.0,0.0,24.0,24.0,24.0,0.0,2,2,2,7
SOURCE_0017,2026-08-19 00:00:00+00:00,2026-08-20 00:00:00+00:00,12,2,2.4875000000000003,3.81,1.0,0.2857142857142857,12.0,2.1818181818181817,6.899514894912829,0.0,0.0,24.0,0.12659005183267458,2,2,2,7
SOURCE_0018,2026-08-19 00:00:00+00:00,2026-08-23 00:00:00+00:00,17,5,1.9235294117647062,5.67,4.0,0.7142857142857143,4.25,6.0,10.392304845413264,0.0,0.0,24.0,0.0877785499571333,5,5,5,7
SOURCE_0019,2026-08-19 00:00:00+00:00,2026-08-20 00:00:00+00:00,3,2,1.4533333333333334,2.41,1.0,0.2857142857142857,3.0,12.0,12.0,12.0,0.0,24.0,0.07692307692307693,2,2,2,7
SOURCE_0020,2026-08-19 00:00:00+00:00,2026-08-23 00:00:00+00:00,52,5,2.1715384615384616,5.92,4.0,0.7142857142857143,13.0,1.8823529411764706,6.452380800377452,0.0,0.0,24.0,0.1341853062513058,5,5,5,7
SOURCE_0021,2026-08-19 00:00:00+00:00,2026-08-22 00:00:00+00:00,11,4,2.825454545454545,6.29,3.0,0.5714285714285714,3.6666666666666665,7.2,10.998181667894016,0.0,0.0,24.0,0.08334596255330123,4,4,4,7
SOURCE_0022,2026-08-19 00:00:00+00:00,2026-08-19 00:00:00+00:00,1,1,1.02,1.02,0.0,0.14285714285714285,1.0,,,,,,0.0,1,1,1,7
SOURCE_0023,2026-08-19 00:00:00+00:00,2026-08-19 00:00:00+00:00,1,1,0.59,0.59,0.0,0.14285714285714285,1.0,,,,,,0.0,1,1,1,7
SOURCE_0024,2026-08-19 00:00:00+00:00,2026-08-19 00:00:00+00:00,3,1,1.46,1.87,0.0,0.14285714285714285,3.0,0.0,0.0,0.0,0.0,0.0,1.0,1,1,1,7
SOURCE_0025,2026-08-19 00:00:00+00:00,2026-08-19 00:00:00+00:00,4,1,1.5775,2.25,0.0,0.14285714285714285,4.0,0.0,0.0,0.0,0.0,0.0,1.0,1,1,1,7
SOURCE_0026,2026-08-19 00:00:00+00:00,2026-08-20 00:00:00+00:00,4,2,2.3175,2.78,1.0,0.2857142857142857,4.0,8.0,11.313708498984761,0.0,0.0,24.0,0.08121030314161228,2,2,2,7
SOURCE_0027,2026-08-19 00:00:00+00:00,2026-08-19 00:00:00+00:00,2,1,2.9850000000000003,2.99,0.0,0.14285714285714285,2.0,0.0,0.0,0.0,0.0,0.0,0.0,1,1,1,7
SOURCE_0028,2026-08-19 00:00:00+00:00,2026-08-19 00:00:00+00:00,1,1,2.26,2.26,0.0,0.14285714285714285,1.0,,,,,,0.0,1,1,1,7
SOURCE_0029,2026-08-19 00:00:00+00:00,2026-08-20 00:00:00+00:00,8,2,2.14,4.28,1.0,0.2857142857142857,8.0,3.4285714285714284,8.398250546685183,0.0,0.0,24.0,0.10640278156371408,2,2,2,7
SOURCE_0030,2026-08-19 00:00:00+00:00,2026-08-19 00:00:00+00:00,1,1,2.71,2.71,0.0,0.14285714285714285,1.0,,,,,,0.0,1,1,1,7
SOURCE_0031,2026-08-19 00:00:00+00:00,2026-08-19 00:00:00+00:00,1,1,2.71,2.71,0.0,0.14285714285714285,1.0,,,,,,0.0,1,1,1,7
SOURCE_0032,2026-08-19 00:00:00+00:00,2026-08-19 00:00:00+00:00,2,1,1.56,1.56,0.0,0.14285714285714285,2.0,0.0,0.0,0.0,0.0,0.0,0.0,1,1,1,7
SOURCE_0033,2026-08-19 00:00:00+00:00,2026-08-19 00:00:00+00:00,1,1,1.05,1.05,0.0,0.14285714285714285,1.0,,,,,,0.0,1,1,1,7
SOURCE_0034,2026-08-19 00:00:00+00:00,2026-08-19 00:00:00+00:00,2,1,1.915,2.25,0.0,0.14285714285714285,2.0,0.0,0.0,0.0,0.0,0.0,0.0,1,1,1,7
SOURCE_0035,2026-08-19 00:00:00+00:00,2026-08-19 00:00:00+00:00,2,1,2.285,2.69,0.0,0.14285714285714285,2.0,0.0,0.0,0.0,0.0,0.0,0.0,1,1,1,7
SOURCE_0036,2026-08-19 00:00:00+00:00,2026-08-19 00:00:00+00:00,3,1,3.956666666666667,5.2,0.0,0.14285714285714285,3.0,0.0,0.0,0.0,0.0,0.0,1.0,1,1,1,7
SOURCE_0037,2026-08-19 00:00:00+00:00,2026-08-20 00:00:00+00:00,18,2,3.73,8.27,1.0,0.2857142857142857,18.0,1.411764705882353,5.647058823529412,0.0,0.0,24.0,0.15044247787610618,2,2,2,7
SOURCE_0038,2026-08-19 00:00:00+00:00,2026-08-19 00:00:00+00:00,6,1,4.1000000000000005,4.95,0.0,0.14285714285714285,6.0,0.0,0.0,0.0,0.0,0.0,1.0,1,1,1,7
SOURCE_0039,2026-08-19 00:00:00+00:00,2026-08-19 00:00:00+00:00,7,1,3.7285714285714286,7.56,0.0,0.14285714285714285,7.0,0.0,0.0,0.0,0.0,0.0,1.0,1,1,1,7
SOURCE_0040,2026-08-19 00:00:00+00:00,2026-08-19 00:00:00+00:00,2,1,3.04,3.47,0.0,0.14285714285714285,2.0,0.0,0.0,0.0,0.0,0.0,0.0,1,1,1,7
SOURCE_0041,2026-08-19 00:00:00+00:00,2026-08-19 00:00:00+00:00,3,1,2.8966666666666665,3.47,0.0,0.14285714285714285,3.0,0.0,0.0,0.0,0.0,0.0,1.0,1,1,1,7
SOURCE_0042,2026-08-19 00:00:00+00:00,2026-08-20 00:00:00+00:00,2,2,3.665,5.42,1.0,0.2857142857142857,2.0,24.0,0.0,24.0,24.0,24.0,0.0,2,2,2,7
SOURCE_0043,2026-08-19 00:00:00+00:00,2026-08-20 00:00:00+00:00,5,2,2.71,5.65,1.0,0.2857142857142857,5.0,6.0,10.392304845413264,0.0,0.0,24.0,0.0877785499571333,2,2,2,7
SOURCE_0044,2026-08-19 00:00:00+00:00,2026-08-19 00:00:00+00:00,3,1,0.9633333333333334,1.08,0.0,0.14285714285714285,3.0,0.0,0.0,0.0,0.0,0.0,1.0,1,1,1,7
SOURCE_0045,2026-08-19 00:00:00+00:00,2026-08-22 00:00:00+00:00,12,4,2.2958333333333334,4.09,3.0,0.5714285714285714,4.0,6.545454545454546,10.688682513962958,0.0,0.0,24.0,0.08555284128946349,4,4,4,7
SOURCE_0046,2026-08-19 00:00:00+00:00,2026-08-21 00:00:00+00:00,8,3,2.095,4.94,2.0,0.42857142857142855,4.0,6.857142857142857,10.842094834863016,0.0,0.0,24.0,0.08444451880726453,3,3,3,7
SOURCE_0047,2026-08-19 00:00:00+00:00,2026-08-20 00:00:00+00:00,3,2,1.64,1.87,1.0,0.2857142857142857,3.0,12.0,12.0,12.0,0.0,24.0,0.07692307692307693,2,2,2,7
SOURCE_0048,2026-08-19 00:00:00+00:00,2026-08-20 00:00:00+00:00,9,2,1.38,1.88,1.0,0.2857142857142857,9.0,3.0,7.937253933193772,0.0,0.0,24.0,0.11189119247086728,2,2,2,7
SOURCE_0049,2026-08-19 00:00:00+00:00,2026-08-19 00:00:00+00:00,2,1,1.04,1.24,0.0,0.14285714285714285,2.0,0.0,0.0,0.0,0.0,0.0,0.0,1,1,1,7
SOURCE_0050,2026-08-19 00:00:00+00:00,2026-08-20 00:00:00+00:00,3,2,2.6566666666666667,4.38,1.0,0.2857142857142857,3.0,12.0,12.0,12.0,0.0,24.0,0.07692307692307693,2,2,2,7
SOURCE_0051,2026-08-19 00:00:00+00:00,2026-08-20 00:00:00+00:00,9,2,3.3233333333333333,5.16,1.0,0.2857142857142857,9.0,3.0,7.937253933193772,0.0,0.0,24.0,0.11189119247086728,2,2,2,7
SOURCE_0052,2026-08-19 00:00:00+00:00,2026-08-20 00:00:00+00:00,11,2,2.63,4.63,1.0,0.2857142857142857,11.0,2.4,7.200000000000001,0.0,0.0,24.0,0.1219512195121951,2,2,2,7
SOURCE_0053,2026-08-19 00:00:00+00:00,2026-08-19 00:00:00+00:00,1,1,1.7,1.7,0.0,0.14285714285714285,1.0,,,,,,0.0,1,1,1,7
SOURCE_0054,2026-08-19 00:00:00+00:00,2026-08-19 00:00:00+00:00,1,1,1.39,1.39,0.0,0.14285714285714285,1.0,,,,,,0.0,1,1,1,7
SOURCE_0055,2026-08-19 00:00:00+00:00,2026-08-19 00:00:00+00:00,3,1,2.2399999999999998,3.17,0.0,0.14285714285714285,3.0,0.0,0.0,0.0,0.0,0.0,1.0,1,1,1,7
SOURCE_0056,2026-08-19 00:00:00+00:00,2026-08-19 00:00:00+00:00,1,1,2.32,2.32,0.0,0.14285714285714285,1.0,,,,,,0.0,1,1,1,7
SOURCE_0057,2026-08-19 00:00:00+00:00,2026-08-25 00:00:00+00:00,30,7,3.842,9.32,6.0,1.0,5.0,4.9655172413793105,9.721936654734396,0.0,0.0,24.0,0.09326673269967868,7,7,7,7
SOURCE_0058,2026-08-19 00:00:00+00:00,2026-08-19 00:00:00+00:00,3,1,1.5333333333333332,1.62,0.0,0.14285714285714285,3.0,0.0,0.0,0.0,0.0,0.0,1.0,1,1,1,7
SOURCE_0059,2026-08-19 00:00:00+00:00,2026-08-19 00:00:00+00:00,4,1,1.615,1.92,0.0,0.14285714285714285,4.0,0.0,0.0,0.0,0.0,0.0,1.0,1,1,1,7
SOURCE_0060,2026-08-19 00:00:00+00:00,2026-08-19 00:00:00+00:00,1,1,2.37,2.37,0.0,0.14285714285714285,1.0,,,,,,0.0,1,1,1,7
SOURCE_0061,2026-08-19 00:00:00+00:00,2026-08-19 00:00:00+00:00,1,1,2.46,2.46,0.0,0.14285714285714285,1.0,,,,,,0.0,1,1,1,7
SOURCE_0062,2026-08-19 00:00:00+00:00,2026-08-19 00:00:00+00:00,2,1,2.915,3.45,0.0,0.14285714285714285,2.0,0.0,0.0,0.0,0.0,0.0,0.0,1,1,1,7
SOURCE_0063,2026-08-19 00:00:00+00:00,2026-08-19 00:00:00+00:00,1,1,0.86,0.86,0.0,0.14285714285714285,1.0,,,,,,0.0,1,1,1,7
SOURCE_0064,2026-08-19 00:00:00+00:00,2026-08-19 00:00:00+00:00,1,1,1.12,1.12,0.0,0.14285714285714285,1.0,,,,,,0.0,1,1,1,7
SOURCE_0065,2026-08-19 00:00:00+00:00,2026-08-19 00:00:00+00:00,2,1,1.0750000000000002,1.08,0.0,0.14285714285714285,2.0,0.0,0.0,0.0,0.0,0.0,0.0,1,1,1,7
SOURCE_0066,2026-08-19 00:00:00+00:00,2026-08-20 00:00:00+00:00,3,2,1.6966666666666665,3.76,1.0,0.2857142857142857,3.0,12.0,12.0,12.0,0.0,24.0,0.07692307692307693,2,2,2,7
SOURCE_0067,2026-08-19 00:00:00+00:00,2026-08-19 00:00:00+00:00,1,1,1.18,1.18,0.0,0.14285714285714285,1.0,,,,,,0.0,1,1,1,7
SOURCE_0068,2026-08-19 00:00:00+00:00,2026-08-21 00:00:00+00:00,3,3,1.3866666666666667,1.67,2.0,0.42857142857142855,1.5,24.0,0.0,24.0,24.0,24.0,1.0,3,3,3,7
SOURCE_0069,2026-08-19 00:00:00+00:00,2026-08-19 00:00:00+00:00,2,1,1.1099999999999999,1.19,0.0,0.14285714285714285,2.0,0.0,0.0,0.0,0.0,0.0,0.0,1,1,1,7
SOURCE_0070,2026-08-19 00:00:00+00:00,2026-08-24 00:00:00+00:00,20,6,2.9695,6.43,5.0,0.8571428571428571,4.0,6.315789473684211,10.56833717727253,0.0,0.0,24.0,0.08644284694300121,6,6,6,7
SOURCE_0071,2026-08-19 00:00:00+00:00,2026-08-20 00:00:00+00:00,5,2,3.1740000000000004,5.74,1.0,0.2857142857142857,5.0,6.0,10.392304845413264,0.0,0.0,24.0,0.0877785499571333,2,2,2,7
SOURCE_0072,2026-08-20 00:00:00+00:00,2026-08-20 00:00:00+00:00,1,1,2.87,2.87,0.0,0.14285714285714285,1.0,,,,,,0.0,1,1,1,7
SOURCE_0073,2026-08-20 00:00:00+00:00,2026-08-20 00:00:00+00:00,1,1,1.71,1.71,0.0,0.14285714285714285,1.0,,,,,,0.0,1,1,1,7
SOURCE_0074,2026-08-20 00:00:00+00:00,2026-08-20 00:00:00+00:00,1,1,3.09,3.09,0.0,0.14285714285714285,1.0,,,,,,0.0,1,1,1,7
SOURCE_0075,2026-08-20 00:00:00+00:00,2026-08-20 00:00:00+00:00,2,1,3.9699999999999998,4.05,0.0,0.14285714285714285,2.0,0.0,0.0,0.0,0.0,0.0,0.0,1,1,1,7
SOURCE_0076,2026-08-20 00:00:00+00:00,2026-08-20 00:00:00+00:00,1,1,9.86,9.86,0.0,0.14285714285714285,1.0,,,,,,0.0,1,1,1,7
SOURCE_0077,2026-08-20 00:00:00+00:00,2026-08-20 00:00:00+00:00,3,1,9.483333333333333,13.45,0.0,0.14285714285714285,3.0,0.0,0.0,0.0,0.0,0.0,1.0,1,1,1,7
SOURCE_0078,2026-08-20 00:00:00+00:00,2026-08-20 00:00:00+00:00,1,1,1.92,1.92,0.0,0.14285714285714285,1.0,,,,,,0.0,1,1,1,7
SOURCE_0079,2026-08-20 00:00:00+00:00,2026-08-20 00:00:00+00:00,1,1,5.12,5.12,0.0,0.14285714285714285,1.0,,,,,,0.0,1,1,1,7
SOURCE_0080,2026-08-20 00:00:00+00:00,2026-08-20 00:00:00+00:00,1,1,4.39,4.39,0.0,0.14285714285714285,1.0,,,,,,0.0,1,1,1,7
SOURCE_0081,2026-08-20 00:00:00+00:00,2026-08-20 00:00:00+00:00,1,1,3.58,3.58,0.0,0.14285714285714285,1.0,,,,,,0.0,1,1,1,7
SOURCE_0082,2026-08-20 00:00:00+00:00,2026-08-20 00:00:00+00:00,1,1,4.22,4.22,0.0,0.14285714285714285,1.0,,,,,,0.0,1,1,1,7
SOURCE_0083,2026-08-20 00:00:00+00:00,2026-08-20 00:00:00+00:00,1,1,2.5,2.5,0.0,0.14285714285714285,1.0,,,,,,0.0,1,1,1,7
SOURCE_0084,2026-08-20 00:00:00+00:00,2026-08-20 00:00:00+00:00,1,1,2.44,2.44,0.0,0.14285714285714285,1.0,,,,,,0.0,1,1,1,7
SOURCE_0085,2026-08-20 00:00:00+00:00,2026-08-20 00:00:00+00:00,1,1,4.74,4.74,0.0,0.14285714285714285,1.0,,,,,,0.0,1,1,1,7
SOURCE_0086,2026-08-20 00:00:00+00:00,2026-08-20 00:00:00+00:00,1,1,6.71,6.71,0.0,0.14285714285714285,1.0,,,,,,0.0,1,1,1,7
SOURCE_0087,2026-08-20 00:00:00+00:00,2026-08-20 00:00:00+00:00,3,1,11.486666666666666,17.21,0.0,0.14285714285714285,3.0,0.0,0.0,0.0,0.0,0.0,1.0,1,1,1,7
SOURCE_0088,2026-08-20 00:00:00+00:00,2026-08-20 00:00:00+00:00,1,1,3.01,3.01,0.0,0.14285714285714285,1.0,,,,,,0.0,1,1,1,7
SOURCE_0089,2026-08-20 00:00:00+00:00,2026-08-20 00:00:00+00:00,5,1,6.928,12.56,0.0,0.14285714285714285,5.0,0.0,0.0,0.0,0.0,0.0,1.0,1,1,1,7
SOURCE_0090,2026-08-20 00:00:00+00:00,2026-08-20 00:00:00+00:00,1,1,5.84,5.84,0.0,0.14285714285714285,1.0,,,,,,0.0,1,1,1,7
SOURCE_0091,2026-08-20 00:00:00+00:00,2026-08-20 00:00:00+00:00,1,1,3.36,3.36,0.0,0.14285714285714285,1.0,,,,,,0.0,1,1,1,7
SOURCE_0092,2026-08-19 00:00:00+00:00,2026-08-23 00:00:00+00:00,9,5,1.9255555555555555,4.0,4.0,0.7142857142857143,2.25,12.0,12.0,12.0,0.0,24.0,0.07692307692307693,5,5,5,7
SOURCE_0093,2026-08-19 00:00:00+00:00,2026-08-20 00:00:00+00:00,3,2,1.2433333333333334,2.27,1.0,0.2857142857142857,3.0,12.0,12.0,12.0,0.0,24.0,0.07692307692307693,2,2,2,7
SOURCE_0094,2026-08-19 00:00:00+00:00,2026-08-20 00:00:00+00:00,4,2,2.18,4.66,1.0,0.2857142857142857,4.0,8.0,11.313708498984761,0.0,0.0,24.0,0.08121030314161228,2,2,2,7
SOURCE_0095,2026-08-20 00:00:00+00:00,2026-08-20 00:00:00+00:00,1,1,1.73,1.73,0.0,0.14285714285714285,1.0,,,,,,0.0,1,1,1,7
SOURCE_0096,2026-08-20 00:00:00+00:00,2026-08-23 00:00:00+00:00,5,4,1.8059999999999998,2.41,3.0,0.5714285714285714,1.6666666666666667,18.0,10.392304845413264,24.0,0.0,24.0,0.0877785499571333,4,4,4,7
SOURCE_0097,2026-08-20 00:00:00+00:00,2026-08-20 00:00:00+00:00,2,1,2.29,3.56,0.0,0.14285714285714285,2.0,0.0,0.0,0.0,0.0,0.0,0.0,1,1,1,7
SOURCE_0098,2026-08-20 00:00:00+00:00,2026-08-20 00:00:00+00:00,1,1,1.02,1.02,0.0,0.14285714285714285,1.0,,,,,,0.0,1,1,1,7
SOURCE_0099,2026-08-20 00:00:00+00:00,2026-08-20 00:00:00+00:00,1,1,1.99,1.99,0.0,0.14285714285714285,1.0,,,,,,0.0,1,1,1,7
SOURCE_0100,2026-08-20 00:00:00+00:00,2026-08-23 00:00:00+00:00,9,4,2.072222222222222,3.16,3.0,0.5714285714285714,3.0,9.0,11.61895003862225,0.0,0.0,24.0,0.07924589581061381,4,4,4,7
SOURCE_0101,2026-08-20 00:00:00+00:00,2026-08-20 00:00:00+00:00,3,1,3.0766666666666667,4.23,0.0,0.14285714285714285,3.0,0.0,0.0,0.0,0.0,0.0,1.0,1,1,1,7
SOURCE_0102,2026-08-20 00:00:00+00:00,2026-08-20 00:00:00+00:00,2,1,1.0699999999999998,1.4,0.0,0.14285714285714285,2.0,0.0,0.0,0.0,0.0,0.0,0.0,1,1,1,7
SOURCE_0103,2026-08-20 00:00:00+00:00,2026-08-20 00:00:00+00:00,3,1,2.793333333333333,3.32,0.0,0.14285714285714285,3.0,0.0,0.0,0.0,0.0,0.0,1.0,1,1,1,7
SOURCE_0104,2026-08-20 00:00:00+00:00,2026-08-20 00:00:00+00:00,2,1,0.64,0.87,0.0,0.14285714285714285,2.0,0.0,0.0,0.0,0.0,0.0,0.0,1,1,1,7
SOURCE_0105,2026-08-20 00:00:00+00:00,2026-08-20 00:00:00+00:00,2,1,2.345,2.87,0.0,0.14285714285714285,2.0,0.0,0.0,0.0,0.0,0.0,0.0,1,1,1,7
SOURCE_0106,2026-08-19 00:00:00+00:00,2026-08-21 00:00:00+00:00,4,3,2.615,3.93,2.0,0.42857142857142855,2.0,16.0,11.313708498984761,24.0,0.0,24.0,0.08121030314161228,3,3,3,7
SOURCE_0107,2026-08-20 00:00:00+00:00,2026-08-20 00:00:00+00:00,1,1,0.31,0.31,0.0,0.14285714285714285,1.0,,,,,,0.0,1,1,1,7
SOURCE_0108,2026-08-20 00:00:00+00:00,2026-08-20 00:00:00+00:00,1,1,3.33,3.33,0.0,0.14285714285714285,1.0,,,,,,0.0,1,1,1,7
SOURCE_0109,2026-08-20 00:00:00+00:00,2026-08-22 00:00:00+00:00,4,3,1.0825,1.53,2.0,0.42857142857142855,2.0,16.0,11.313708498984761,24.0,0.0,24.0,0.08121030314161228,3,3,3,7
SOURCE_0110,2026-08-20 00:00:00+00:00,2026-08-22 00:00:00+00:00,11,3,2.97,8.73,2.0,0.42857142857142855,5.5,4.8,9.6,0.0,0.0,24.0,0.09433962264150944,3,3,3,7
SOURCE_0111,2026-08-20 00:00:00+00:00,2026-08-20 00:00:00+00:00,2,1,0.98,1.03,0.0,0.14285714285714285,2.0,0.0,0.0,0.0,0.0,0.0,0.0,1,1,1,7
SOURCE_0112,2026-08-20 00:00:00+00:00,2026-08-20 00:00:00+00:00,2,1,0.8200000000000001,1.03,0.0,0.14285714285714285,2.0,0.0,0.0,0.0,0.0,0.0,0.0,1,1,1,7
SOURCE_0113,2026-08-20 00:00:00+00:00,2026-08-20 00:00:00+00:00,1,1,2.32,2.32,0.0,0.14285714285714285,1.0,,,,,,0.0,1,1,1,7
SOURCE_0114,2026-08-19 00:00:00+00:00,2026-08-20 00:00:00+00:00,2,2,1.305,2.03,1.0,0.2857142857142857,2.0,24.0,0.0,24.0,24.0,24.0,0.0,2,2,2,7
SOURCE_0115,2026-08-20 00:00:00+00:00,2026-08-20 00:00:00+00:00,2,1,2.9000000000000004,2.91,0.0,0.14285714285714285,2.0,0.0,0.0,0.0,0.0,0.0,0.0,1,1,1,7
SOURCE_0116,2026-08-20 00:00:00+00:00,2026-08-20 00:00:00+00:00,1,1,0.27,0.27,0.0,0.14285714285714285,1.0,,,,,,0.0,1,1,1,7
SOURCE_0117,2026-08-20 00:00:00+00:00,2026-08-20 00:00:00+00:00,1,1,1.43,1.43,0.0,0.14285714285714285,1.0,,,,,,0.0,1,1,1,7
SOURCE_0118,2026-08-20 00:00:00+00:00,2026-08-20 00:00:00+00:00,2,1,6.605,8.66,0.0,0.14285714285714285,2.0,0.0,0.0,0.0,0.0,0.0,0.0,1,1,1,7
SOURCE_0119,2026-08-20 00:00:00+00:00,2026-08-20 00:00:00+00:00,2,1,5.785,7.02,0.0,0.14285714285714285,2.0,0.0,0.0,0.0,0.0,0.0,0.0,1,1,1,7
SOURCE_0120,2026-08-20 00:00:00+00:00,2026-08-20 00:00:00+00:00,1,1,1.41,1.41,0.0,0.14285714285714285,1.0,,,,,,0.0,1,1,1,7
SOURCE_0121,2026-08-20 00:00:00+00:00,2026-08-20 00:00:00+00:00,6,1,7.883333333333333,13.66,0.0,0.14285714285714285,6.0,0.0,0.0,0.0,0.0,0.0,1.0,1,1,1,7
SOURCE_0122,2026-08-20 00:00:00+00:00,2026-08-20 00:00:00+00:00,5,1,3.6100000000000003,4.68,0.0,0.14285714285714285,5.0,0.0,0.0,0.0,0.0,0.0,1.0,1,1,1,7
SOURCE_0123,2026-08-20 00:00:00+00:00,2026-08-20 00:00:00+00:00,2,1,2.9450000000000003,3.42,0.0,0.14285714285714285,2.0,0.0,0.0,0.0,0.0,0.0,0.0,1,1,1,7
SOURCE_0124,2026-08-20 00:00:00+00:00,2026-08-20 00:00:00+00:00,1,1,1.14,1.14,0.0,0.14285714285714285,1.0,,,,,,0.0,1,1,1,7
SOURCE_0125,2026-08-20 00:00:00+00:00,2026-08-20 00:00:00+00:00,1,1,1.38,1.38,0.0,0.14285714285714285,1.0,,,,,,0.0,1,1,1,7
SOURCE_0126,2026-08-20 00:00:00+00:00,2026-08-20 00:00:00+00:00,2,1,0.61,0.61,0.0,0.14285714285714285,2.0,0.0,0.0,0.0,0.0,0.0,0.0,1,1,1,7
SOURCE_0127,2026-08-20 00:00:00+00:00,2026-08-20 00:00:00+00:00,1,1,3.38,3.38,0.0,0.14285714285714285,1.0,,,,,,0.0,1,1,1,7
SOURCE_0128,2026-08-20 00:00:00+00:00,2026-08-20 00:00:00+00:00,1,1,1.19,1.19,0.0,0.14285714285714285,1.0,,,,,,0.0,1,1,1,7
SOURCE_0129,2026-08-20 00:00:00+00:00,2026-08-21 00:00:00+00:00,6,2,1.16,2.0,1.0,0.2857142857142857,6.0,4.8,9.6,0.0,0.0,24.0,0.09433962264150944,2,2,2,7
SOURCE_0130,2026-08-20 00:00:00+00:00,2026-08-21 00:00:00+00:00,19,2,2.1721052631578948,8.31,1.0,0.2857142857142857,19.0,1.3333333333333333,5.497474167490218,0.0,0.0,24.0,0.15390596010422777,2,2,2,7
SOURCE_0131,2026-08-20 00:00:00+00:00,2026-08-21 00:00:00+00:00,11,2,2.6454545454545455,4.29,1.0,0.2857142857142857,11.0,2.4,7.200000000000001,0.0,0.0,24.0,0.1219512195121951,2,2,2,7
SOURCE_0132,2026-08-20 00:00:00+00:00,2026-08-21 00:00:00+00:00,4,2,0.69,0.9,1.0,0.2857142857142857,4.0,8.0,11.313708498984761,0.0,0.0,24.0,0.08121030314161228,2,2,2,7
SOURCE_0133,2026-08-20 00:00:00+00:00,2026-08-20 00:00:00+00:00,1,1,0.7,0.7,0.0,0.14285714285714285,1.0,,,,,,0.0,1,1,1,7
SOURCE_0134,2026-08-20 00:00:00+00:00,2026-08-20 00:00:00+00:00,1,1,0.64,0.64,0.0,0.14285714285714285,1.0,,,,,,0.0,1,1,1,7
SOURCE_0135,2026-08-19 00:00:00+00:00,2026-08-21 00:00:00+00:00,3,3,1.7166666666666668,2.12,2.0,0.42857142857142855,1.5,24.0,0.0,24.0,24.0,24.0,1.0,3,3,3,7
SOURCE_0136,2026-08-20 00:00:00+00:00,2026-08-20 00:00:00+00:00,1,1,1.52,1.52,0.0,0.14285714285714285,1.0,,,,,,0.0,1,1,1,7
SOURCE_0137,2026-08-20 00:00:00+00:00,2026-08-20 00:00:00+00:00,1,1,1.19,1.19,0.0,0.14285714285714285,1.0,,,,,,0.0,1,1,1,7
SOURCE_0138,2026-08-20 00:00:00+00:00,2026-08-20 00:00:00+00:00,1,1,0.44,0.44,0.0,0.14285714285714285,1.0,,,,,,0.0,1,1,1,7
SOURCE_0139,2026-08-20 00:00:00+00:00,2026-08-20 00:00:00+00:00,1,1,1.03,1.03,0.0,0.14285714285714285,1.0,,,,,,0.0,1,1,1,7
SOURCE_0140,2026-08-21 00:00:00+00:00,2026-08-21 00:00:00+00:00,1,1,2.79,2.79,0.0,0.14285714285714285,1.0,,,,,,0.0,1,1,1,7
SOURCE_0141,2026-08-21 00:00:00+00:00,2026-08-21 00:00:00+00:00,2,1,6.08,6.08,0.0,0.14285714285714285,2.0,0.0,0.0,0.0,0.0,0.0,0.0,1,1,1,7
SOURCE_0142,2026-08-21 00:00:00+00:00,2026-08-21 00:00:00+00:00,2,1,6.32,6.32,0.0,0.14285714285714285,2.0,0.0,0.0,0.0,0.0,0.0,0.0,1,1,1,7
SOURCE_0143,2026-08-21 00:00:00+00:00,2026-08-21 00:00:00+00:00,1,1,1.97,1.97,0.0,0.14285714285714285,1.0,,,,,,0.0,1,1,1,7
SOURCE_0144,2026-08-21 00:00:00+00:00,2026-08-21 00:00:00+00:00,1,1,5.18,5.18,0.0,0.14285714285714285,1.0,,,,,,0.0,1,1,1,7
SOURCE_0145,2026-08-21 00:00:00+00:00,2026-08-21 00:00:00+00:00,4,1,3.9275,5.13,0.0,0.14285714285714285,4.0,0.0,0.0,0.0,0.0,0.0,1.0,1,1,1,7
SOURCE_0146,2026-08-21 00:00:00+00:00,2026-08-21 00:00:00+00:00,2,1,5.675,8.67,0.0,0.14285714285714285,2.0,0.0,0.0,0.0,0.0,0.0,0.0,1,1,1,7
SOURCE_0147,2026-08-21 00:00:00+00:00,2026-08-21 00:00:00+00:00,1,1,5.01,5.01,0.0,0.14285714285714285,1.0,,,,,,0.0,1,1,1,7
SOURCE_0148,2026-08-21 00:00:00+00:00,2026-08-21 00:00:00+00:00,2,1,4.715,4.79,0.0,0.14285714285714285,2.0,0.0,0.0,0.0,0.0,0.0,0.0,1,1,1,7
SOURCE_0149,2026-08-21 00:00:00+00:00,2026-08-21 00:00:00+00:00,1,1,1.97,1.97,0.0,0.14285714285714285,1.0,,,,,,0.0,1,1,1,7
SOURCE_0150,2026-08-21 00:00:00+00:00,2026-08-21 00:00:00+00:00,1,1,7.12,7.12,0.0,0.14285714285714285,1.0,,,,,,0.0,1,1,1,7
SOURCE_0151,2026-08-21 00:00:00+00:00,2026-08-21 00:00:00+00:00,1,1,3.79,3.79,0.0,0.14285714285714285,1.0,,,,,,0.0,1,1,1,7
SOURCE_0152,2026-08-21 00:00:00+00:00,2026-08-21 00:00:00+00:00,1,1,2.45,2.45,0.0,0.14285714285714285,1.0,,,,,,0.0,1,1,1,7
SOURCE_0153,2026-08-21 00:00:00+00:00,2026-08-21 00:00:00+00:00,1,1,2.83,2.83,0.0,0.14285714285714285,1.0,,,,,,0.0,1,1,1,7
SOURCE_0154,2026-08-21 00:00:00+00:00,2026-08-21 00:00:00+00:00,2,1,5.045,5.53,0.0,0.14285714285714285,2.0,0.0,0.0,0.0,0.0,0.0,0.0,1,1,1,7
SOURCE_0155,2026-08-21 00:00:00+00:00,2026-08-21 00:00:00+00:00,1,1,3.52,3.52,0.0,0.14285714285714285,1.0,,,,,,0.0,1,1,1,7
SOURCE_0156,2026-08-21 00:00:00+00:00,2026-08-21 00:00:00+00:00,1,1,1.0,1.0,0.0,0.14285714285714285,1.0,,,,,,0.0,1,1,1,7
SOURCE_0157,2026-08-21 00:00:00+00:00,2026-08-21 00:00:00+00:00,1,1,1.93,1.93,0.0,0.14285714285714285,1.0,,,,,,0.0,1,1,1,7
SOURCE_0158,2026-08-21 00:00:00+00:00,2026-08-21 00:00:00+00:00,6,1,6.273333333333333,13.76,0.0,0.14285714285714285,6.0,0.0,0.0,0.0,0.0,0.0,1.0,1,1,1,7
SOURCE_0159,2026-08-21 00:00:00+00:00,2026-08-21 00:00:00+00:00,2,1,3.645,3.91,0.0,0.14285714285714285,2.0,0.0,0.0,0.0,0.0,0.0,0.0,1,1,1,7
SOURCE_0160,2026-08-21 00:00:00+00:00,2026-08-21 00:00:00+00:00,1,1,7.37,7.37,0.0,0.14285714285714285,1.0,,,,,,0.0,1,1,1,7
SOURCE_0161,2026-08-21 00:00:00+00:00,2026-08-21 00:00:00+00:00,1,1,2.3,2.3,0.0,0.14285714285714285,1.0,,,,,,0.0,1,1,1,7
SOURCE_0162,2026-08-21 00:00:00+00:00,2026-08-21 00:00:00+00:00,1,1,1.88,1.88,0.0,0.14285714285714285,1.0,,,,,,0.0,1,1,1,7
SOURCE_0163,2026-08-21 00:00:00+00:00,2026-08-21 00:00:00+00:00,1,1,2.64,2.64,0.0,0.14285714285714285,1.0,,,,,,0.0,1,1,1,7
SOURCE_0164,2026-08-21 00:00:00+00:00,2026-08-21 00:00:00+00:00,1,1,5.59,5.59,0.0,0.14285714285714285,1.0,,,,,,0.0,1,1,1,7
SOURCE_0165,2026-08-21 00:00:00+00:00,2026-08-21 00:00:00+00:00,1,1,3.79,3.79,0.0,0.14285714285714285,1.0,,,,,,0.0,1,1,1,7
SOURCE_0166,2026-08-21 00:00:00+00:00,2026-08-21 00:00:00+00:00,1,1,3.04,3.04,0.0,0.14285714285714285,1.0,,,,,,0.0,1,1,1,7
SOURCE_0167,2026-08-21 00:00:00+00:00,2026-08-21 00:00:00+00:00,1,1,4.7,4.7,0.0,0.14285714285714285,1.0,,,,,,0.0,1,1,1,7
SOURCE_0168,2026-08-21 00:00:00+00:00,2026-08-21 00:00:00+00:00,1,1,4.65,4.65,0.0,0.14285714285714285,1.0,,,,,,0.0,1,1,1,7
SOURCE_0169,2026-08-21 00:00:00+00:00,2026-08-21 00:00:00+00:00,3,1,2.4833333333333334,3.81,0.0,0.14285714285714285,3.0,0.0,0.0,0.0,0.0,0.0,1.0,1,1,1,7
SOURCE_0170,2026-08-21 00:00:00+00:00,2026-08-21 00:00:00+00:00,1,1,7.32,7.32,0.0,0.14285714285714285,1.0,,,,,,0.0,1,1,1,7
SOURCE_0171,2026-08-21 00:00:00+00:00,2026-08-21 00:00:00+00:00,1,1,4.75,4.75,0.0,0.14285714285714285,1.0,,,,,,0.0,1,1,1,7
SOURCE_0172,2026-08-21 00:00:00+00:00,2026-08-21 00:00:00+00:00,1,1,4.34,4.34,0.0,0.14285714285714285,1.0,,,,,,0.0,1,1,1,7
SOURCE_0173,2026-08-21 00:00:00+00:00,2026-08-21 00:00:00+00:00,1,1,4.97,4.97,0.0,0.14285714285714285,1.0,,,,,,0.0,1,1,1,7
SOURCE_0174,2026-08-21 00:00:00+00:00,2026-08-21 00:00:00+00:00,1,1,3.47,3.47,0.0,0.14285714285714285,1.0,,,,,,0.0,1,1,1,7
SOURCE_0175,2026-08-21 00:00:00+00:00,2026-08-21 00:00:00+00:00,1,1,2.44,2.44,0.0,0.14285714285714285,1.0,,,,,,0.0,1,1,1,7
SOURCE_0176,2026-08-21 00:00:00+00:00,2026-08-21 00:00:00+00:00,1,1,3.96,3.96,0.0,0.14285714285714285,1.0,,,,,,0.0,1,1,1,7
SOURCE_0177,2026-08-21 00:00:00+00:00,2026-08-21 00:00:00+00:00,1,1,3.7,3.7,0.0,0.14285714285714285,1.0,,,,,,0.0,1,1,1,7
SOURCE_0178,2026-08-21 00:00:00+00:00,2026-08-21 00:00:00+00:00,3,1,15.549999999999999,30.85,0.0,0.14285714285714285,3.0,0.0,0.0,0.0,0.0,0.0,1.0,1,1,1,7
SOURCE_0179,2026-08-21 00:00:00+00:00,2026-08-21 00:00:00+00:00,2,1,5.725,5.77,0.0,0.14285714285714285,2.0,0.0,0.0,0.0,0.0,0.0,0.0,1,1,1,7
SOURCE_0180,2026-08-21 00:00:00+00:00,2026-08-21 00:00:00+00:00,1,1,5.05,5.05,0.0,0.14285714285714285,1.0,,,,,,0.0,1,1,1,7
SOURCE_0181,2026-08-21 00:00:00+00:00,2026-08-22 00:00:00+00:00,3,2,1.8399999999999999,3.37,1.0,0.2857142857142857,3.0,12.0,12.0,12.0,0.0,24.0,0.07692307692307693,2,2,2,7
SOURCE_0182,2026-08-21 00:00:00+00:00,2026-08-21 00:00:00+00:00,1,1,2.61,2.61,0.0,0.14285714285714285,1.0,,,,,,0.0,1,1,1,7
SOURCE_0183,2026-08-21 00:00:00+00:00,2026-08-21 00:00:00+00:00,1,1,3.63,3.63,0.0,0.14285714285714285,1.0,,,,,,0.0,1,1,1,7
SOURCE_0184,2026-08-21 00:00:00+00:00,2026-08-21 00:00:00+00:00,2,1,5.615,8.07,0.0,0.14285714285714285,2.0,0.0,0.0,0.0,0.0,0.0,0.0,1,1,1,7
SOURCE_0185,2026-08-21 00:00:00+00:00,2026-08-21 00:00:00+00:00,1,1,2.67,2.67,0.0,0.14285714285714285,1.0,,,,,,0.0,1,1,1,7
SOURCE_0186,2026-08-21 00:00:00+00:00,2026-08-21 00:00:00+00:00,1,1,19.62,19.62,0.0,0.14285714285714285,1.0,,,,,,0.0,1,1,1,7
SOURCE_0187,2026-08-21 00:00:00+00:00,2026-08-21 00:00:00+00:00,2,1,5.99,6.46,0.0,0.14285714285714285,2.0,0.0,0.0,0.0,0.0,0.0,0.0,1,1,1,7
SOURCE_0188,2026-08-21 00:00:00+00:00,2026-08-21 00:00:00+00:00,3,1,2.8533333333333335,3.61,0.0,0.14285714285714285,3.0,0.0,0.0,0.0,0.0,0.0,1.0,1,1,1,7
SOURCE_0189,2026-08-21 00:00:00+00:00,2026-08-21 00:00:00+00:00,2,1,7.215,7.5,0.0,0.14285714285714285,2.0,0.0,0.0,0.0,0.0,0.0,0.0,1,1,1,7
SOURCE_0190,2026-08-21 00:00:00+00:00,2026-08-21 00:00:00+00:00,2,1,3.95,3.95,0.0,0.14285714285714285,2.0,0.0,0.0,0.0,0.0,0.0,0.0,1,1,1,7
SOURCE_0191,2026-08-21 00:00:00+00:00,2026-08-21 00:00:00+00:00,1,1,3.0,3.0,0.0,0.14285714285714285,1.0,,,,,,0.0,1,1,1,7
SOURCE_0192,2026-08-21 00:00:00+00:00,2026-08-21 00:00:00+00:00,3,1,9.403333333333334,15.67,0.0,0.14285714285714285,3.0,0.0,0.0,0.0,0.0,0.0,1.0,1,1,1,7
SOURCE_0193,2026-08-21 00:00:00+00:00,2026-08-21 00:00:00+00:00,2,1,11.49,16.95,0.0,0.14285714285714285,2.0,0.0,0.0,0.0,0.0,0.0,0.0,1,1,1,7
SOURCE_0194,2026-08-21 00:00:00+00:00,2026-08-21 00:00:00+00:00,2,1,3.45,4.21,0.0,0.14285714285714285,2.0,0.0,0.0,0.0,0.0,0.0,0.0,1,1,1,7
SOURCE_0195,2026-08-21 00:00:00+00:00,2026-08-21 00:00:00+00:00,1,1,6.67,6.67,0.0,0.14285714285714285,1.0,,,,,,0.0,1,1,1,7
SOURCE_0196,2026-08-21 00:00:00+00:00,2026-08-21 00:00:00+00:00,1,1,14.67,14.67,0.0,0.14285714285714285,1.0,,,,,,0.0,1,1,1,7
SOURCE_0197,2026-08-21 00:00:00+00:00,2026-08-21 00:00:00+00:00,1,1,3.09,3.09,0.0,0.14285714285714285,1.0,,,,,,0.0,1,1,1,7
SOURCE_0198,2026-08-21 00:00:00+00:00,2026-08-21 00:00:00+00:00,1,1,10.58,10.58,0.0,0.14285714285714285,1.0,,,,,,0.0,1,1,1,7
SOURCE_0199,2026-08-21 00:00:00+00:00,2026-08-21 00:00:00+00:00,1,1,4.95,4.95,0.0,0.14285714285714285,1.0,,,,,,0.0,1,1,1,7
SOURCE_0200,2026-08-21 00:00:00+00:00,2026-08-21 00:00:00+00:00,1,1,4.21,4.21,0.0,0.14285714285714285,1.0,,,,,,0.0,1,1,1,7
SOURCE_0201,2026-08-21 00:00:00+00:00,2026-08-21 00:00:00+00:00,1,1,3.14,3.14,0.0,0.14285714285714285,1.0,,,,,,0.0,1,1,1,7
SOURCE_0202,2026-08-21 00:00:00+00:00,2026-08-21 00:00:00+00:00,1,1,3.81,3.81,0.0,0.14285714285714285,1.0,,,,,,0.0,1,1,1,7
SOURCE_0203,2026-08-21 00:00:00+00:00,2026-08-21 00:00:00+00:00,1,1,1.71,1.71,0.0,0.14285714285714285,1.0,,,,,,0.0,1,1,1,7
SOURCE_0204,2026-08-21 00:00:00+00:00,2026-08-21 00:00:00+00:00,3,1,122.44666666666667,135.46,0.0,0.14285714285714285,3.0,0.0,0.0,0.0,0.0,0.0,1.0,1,1,1,7
SOURCE_0205,2026-08-21 00:00:00+00:00,2026-08-21 00:00:00+00:00,1,1,3.8,3.8,0.0,0.14285714285714285,1.0,,,,,,0.0,1,1,1,7
SOURCE_0206,2026-08-21 00:00:00+00:00,2026-08-21 00:00:00+00:00,1,1,4.11,4.11,0.0,0.14285714285714285,1.0,,,,,,0.0,1,1,1,7
SOURCE_0207,2026-08-21 00:00:00+00:00,2026-08-21 00:00:00+00:00,1,1,1.89,1.89,0.0,0.14285714285714285,1.0,,,,,,0.0,1,1,1,7
SOURCE_0208,2026-08-21 00:00:00+00:00,2026-08-21 00:00:00+00:00,3,1,7.243333333333333,11.47,0.0,0.14285714285714285,3.0,0.0,0.0,0.0,0.0,0.0,1.0,1,1,1,7
SOURCE_0209,2026-08-21 00:00:00+00:00,2026-08-22 00:00:00+00:00,3,2,0.82,1.3,1.0,0.2857142857142857,3.0,12.0,12.0,12.0,0.0,24.0,0.07692307692307693,2,2,2,7
SOURCE_0210,2026-08-21 00:00:00+00:00,2026-08-21 00:00:00+00:00,3,1,1.7933333333333332,3.08,0.0,0.14285714285714285,3.0,0.0,0.0,0.0,0.0,0.0,1.0,1,1,1,7
SOURCE_0211,2026-08-21 00:00:00+00:00,2026-08-21 00:00:00+00:00,4,1,1.6600000000000001,2.29,0.0,0.14285714285714285,4.0,0.0,0.0,0.0,0.0,0.0,1.0,1,1,1,7
SOURCE_0212,2026-08-20 00:00:00+00:00,2026-08-22 00:00:00+00:00,4,3,0.995,1.66,2.0,0.42857142857142855,2.0,16.0,11.313708498984761,24.0,0.0,24.0,0.08121030314161228,3,3,3,7
SOURCE_0213,2026-08-21 00:00:00+00:00,2026-08-21 00:00:00+00:00,2,1,2.5700000000000003,2.75,0.0,0.14285714285714285,2.0,0.0,0.0,0.0,0.0,0.0,0.0,1,1,1,7
SOURCE_0214,2026-08-20 00:00:00+00:00,2026-08-21 00:00:00+00:00,2,2,2.38,3.68,1.0,0.2857142857142857,2.0,24.0,0.0,24.0,24.0,24.0,0.0,2,2,2,7
SOURCE_0215,2026-08-21 00:00:00+00:00,2026-08-23 00:00:00+00:00,4,3,1.305,1.44,2.0,0.42857142857142855,2.0,16.0,11.313708498984761,24.0,0.0,24.0,0.08121030314161228,3,3,3,7
SOURCE_0216,2026-08-21 00:00:00+00:00,2026-08-21 00:00:00+00:00,1,1,0.72,0.72,0.0,0.14285714285714285,1.0,,,,,,0.0,1,1,1,7
SOURCE_0217,2026-08-21 00:00:00+00:00,2026-08-21 00:00:00+00:00,1,1,1.11,1.11,0.0,0.14285714285714285,1.0,,,,,,0.0,1,1,1,7
SOURCE_0218,2026-08-20 00:00:00+00:00,2026-08-21 00:00:00+00:00,2,2,2.145,3.33,1.0,0.2857142857142857,2.0,24.0,0.0,24.0,24.0,24.0,0.0,2,2,2,7
SOURCE_0219,2026-08-21 00:00:00+00:00,2026-08-21 00:00:00+00:00,1,1,2.46,2.46,0.0,0.14285714285714285,1.0,,,,,,0.0,1,1,1,7
SOURCE_0220,2026-08-21 00:00:00+00:00,2026-08-21 00:00:00+00:00,1,1,1.08,1.08,0.0,0.14285714285714285,1.0,,,,,,0.0,1,1,1,7
SOURCE_0221,2026-08-21 00:00:00+00:00,2026-08-21 00:00:00+00:00,1,1,0.63,0.63,0.0,0.14285714285714285,1.0,,,,,,0.0,1,1,1,7
SOURCE_0222,2026-08-21 00:00:00+00:00,2026-08-22 00:00:00+00:00,13,2,2.0546153846153845,4.27,1.0,0.2857142857142857,13.0,2.0,6.6332495807108,0.0,0.0,24.0,0.13100580420257674,2,2,2,7
SOURCE_0223,2026-08-21 00:00:00+00:00,2026-08-21 00:00:00+00:00,6,1,3.296666666666667,6.03,0.0,0.14285714285714285,6.0,0.0,0.0,0.0,0.0,0.0,1.0,1,1,1,7
SOURCE_0224,2026-08-21 00:00:00+00:00,2026-08-21 00:00:00+00:00,1,1,2.05,2.05,0.0,0.14285714285714285,1.0,,,,,,0.0,1,1,1,7
SOURCE_0225,2026-08-21 00:00:00+00:00,2026-08-21 00:00:00+00:00,1,1,2.05,2.05,0.0,0.14285714285714285,1.0,,,,,,0.0,1,1,1,7
SOURCE_0226,2026-08-21 00:00:00+00:00,2026-08-21 00:00:00+00:00,3,1,1.7533333333333332,1.78,0.0,0.14285714285714285,3.0,0.0,0.0,0.0,0.0,0.0,1.0,1,1,1,7
SOURCE_0227,2026-08-20 00:00:00+00:00,2026-08-21 00:00:00+00:00,5,2,1.034,1.93,1.0,0.2857142857142857,5.0,6.0,10.392304845413264,0.0,0.0,24.0,0.0877785499571333,2,2,2,7
SOURCE_0228,2026-08-21 00:00:00+00:00,2026-08-21 00:00:00+00:00,3,1,1.46,1.89,0.0,0.14285714285714285,3.0,0.0,0.0,0.0,0.0,0.0,1.0,1,1,1,7
SOURCE_0229,2026-08-21 00:00:00+00:00,2026-08-21 00:00:00+00:00,1,1,1.85,1.85,0.0,0.14285714285714285,1.0,,,,,,0.0,1,1,1,7
SOURCE_0230,2026-08-21 00:00:00+00:00,2026-08-21 00:00:00+00:00,1,1,0.84,0.84,0.0,0.14285714285714285,1.0,,,,,,0.0,1,1,1,7
SOURCE_0231,2026-08-21 00:00:00+00:00,2026-08-21 00:00:00+00:00,1,1,2.21,2.21,0.0,0.14285714285714285,1.0,,,,,,0.0,1,1,1,7
SOURCE_0232,2026-08-21 00:00:00+00:00,2026-08-21 00:00:00+00:00,1,1,1.05,1.05,0.0,0.14285714285714285,1.0,,,,,,0.0,1,1,1,7
SOURCE_0233,2026-08-21 00:00:00+00:00,2026-08-21 00:00:00+00:00,1,1,0.55,0.55,0.0,0.14285714285714285,1.0,,,,,,0.0,1,1,1,7
SOURCE_0234,2026-08-21 00:00:00+00:00,2026-08-21 00:00:00+00:00,1,1,1.59,1.59,0.0,0.14285714285714285,1.0,,,,,,0.0,1,1,1,7
SOURCE_0235,2026-08-21 00:00:00+00:00,2026-08-21 00:00:00+00:00,2,1,1.2850000000000001,1.57,0.0,0.14285714285714285,2.0,0.0,0.0,0.0,0.0,0.0,0.0,1,1,1,7
SOURCE_0236,2026-08-22 00:00:00+00:00,2026-08-22 00:00:00+00:00,1,1,1.62,1.62,0.0,0.14285714285714285,1.0,,,,,,0.0,1,1,1,7
SOURCE_0237,2026-08-22 00:00:00+00:00,2026-08-22 00:00:00+00:00,2,1,11.89,17.53,0.0,0.14285714285714285,2.0,0.0,0.0,0.0,0.0,0.0,0.0,1,1,1,7
SOURCE_0238,2026-08-22 00:00:00+00:00,2026-08-22 00:00:00+00:00,1,1,11.93,11.93,0.0,0.14285714285714285,1.0,,,,,,0.0,1,1,1,7
SOURCE_0239,2026-08-22 00:00:00+00:00,2026-08-22 00:00:00+00:00,1,1,5.79,5.79,0.0,0.14285714285714285,1.0,,,,,,0.0,1,1,1,7
SOURCE_0240,2026-08-22 00:00:00+00:00,2026-08-22 00:00:00+00:00,1,1,2.18,2.18,0.0,0.14285714285714285,1.0,,,,,,0.0,1,1,1,7
SOURCE_0241,2026-08-22 00:00:00+00:00,2026-08-22 00:00:00+00:00,1,1,10.39,10.39,0.0,0.14285714285714285,1.0,,,,,,0.0,1,1,1,7
SOURCE_0242,2026-08-22 00:00:00+00:00,2026-08-22 00:00:00+00:00,1,1,3.48,3.48,0.0,0.14285714285714285,1.0,,,,,,0.0,1,1,1,7
SOURCE_0243,2026-08-22 00:00:00+00:00,2026-08-22 00:00:00+00:00,1,1,3.48,3.48,0.0,0.14285714285714285,1.0,,,,,,0.0,1,1,1,7
SOURCE_0244,2026-08-22 00:00:00+00:00,2026-08-22 00:00:00+00:00,1,1,3.62,3.62,0.0,0.14285714285714285,1.0,,,,,,0.0,1,1,1,7
SOURCE_0245,2026-08-22 00:00:00+00:00,2026-08-22 00:00:00+00:00,3,1,10.046666666666667,11.1,0.0,0.14285714285714285,3.0,0.0,0.0,0.0,0.0,0.0,1.0,1,1,1,7
SOURCE_0246,2026-08-22 00:00:00+00:00,2026-08-22 00:00:00+00:00,1,1,4.14,4.14,0.0,0.14285714285714285,1.0,,,,,,0.0,1,1,1,7
SOURCE_0247,2026-08-22 00:00:00+00:00,2026-08-22 00:00:00+00:00,1,1,4.25,4.25,0.0,0.14285714285714285,1.0,,,,,,0.0,1,1,1,7
SOURCE_0248,2026-08-22 00:00:00+00:00,2026-08-23 00:00:00+00:00,17,2,17.144117647058827,52.02,1.0,0.2857142857142857,17.0,1.5,5.809475019311125,0.0,0.0,24.0,0.14685419906293512,2,2,2,7
SOURCE_0249,2026-08-22 00:00:00+00:00,2026-08-23 00:00:00+00:00,2,2,1.855,3.06,1.0,0.2857142857142857,2.0,24.0,0.0,24.0,24.0,24.0,0.0,2,2,2,7
SOURCE_0250,2026-08-22 00:00:00+00:00,2026-08-22 00:00:00+00:00,1,1,0.61,0.61,0.0,0.14285714285714285,1.0,,,,,,0.0,1,1,1,7
SOURCE_0251,2026-08-21 00:00:00+00:00,2026-08-24 00:00:00+00:00,6,4,0.8433333333333334,1.3,3.0,0.5714285714285714,2.0,14.4,11.757550765359253,24.0,0.0,24.0,0.07838495165665445,4,4,4,7
SOURCE_0252,2026-08-22 00:00:00+00:00,2026-08-23 00:00:00+00:00,2,2,1.495,1.65,1.0,0.2857142857142857,2.0,24.0,0.0,24.0,24.0,24.0,0.0,2,2,2,7
SOURCE_0253,2026-08-22 00:00:00+00:00,2026-08-22 00:00:00+00:00,1,1,0.42,0.42,0.0,0.14285714285714285,1.0,,,,,,0.0,1,1,1,7
SOURCE_0254,2026-08-19 00:00:00+00:00,2026-08-23 00:00:00+00:00,11,5,3.7,9.99,4.0,0.7142857142857143,2.75,9.6,11.757550765359255,0.0,0.0,24.0,0.07838495165665443,5,5,5,7
SOURCE_0255,2026-08-20 00:00:00+00:00,2026-08-22 00:00:00+00:00,7,3,3.0100000000000002,9.23,2.0,0.42857142857142855,3.5,8.0,11.313708498984761,0.0,0.0,24.0,0.08121030314161228,3,3,3,7
SOURCE_0256,2026-08-20 00:00:00+00:00,2026-08-22 00:00:00+00:00,3,3,3.0233333333333334,5.91,2.0,0.42857142857142855,1.5,24.0,0.0,24.0,24.0,24.0,1.0,3,3,3,7
SOURCE_0257,2026-08-22 00:00:00+00:00,2026-08-22 00:00:00+00:00,1,1,1.61,1.61,0.0,0.14285714285714285,1.0,,,,,,0.0,1,1,1,7
SOURCE_0258,2026-08-22 00:00:00+00:00,2026-08-22 00:00:00+00:00,1,1,1.97,1.97,0.0,0.14285714285714285,1.0,,,,,,0.0,1,1,1,7
SOURCE_0259,2026-08-22 00:00:00+00:00,2026-08-22 00:00:00+00:00,1,1,0.74,0.74,0.0,0.14285714285714285,1.0,,,,,,0.0,1,1,1,7
SOURCE_0260,2026-08-22 00:00:00+00:00,2026-08-22 00:00:00+00:00,2,1,1.0899999999999999,1.19,0.0,0.14285714285714285,2.0,0.0,0.0,0.0,0.0,0.0,0.0,1,1,1,7
SOURCE_0261,2026-08-22 00:00:00+00:00,2026-08-22 00:00:00+00:00,2,1,1.6349999999999998,2.11,0.0,0.14285714285714285,2.0,0.0,0.0,0.0,0.0,0.0,0.0,1,1,1,7
SOURCE_0262,2026-08-22 00:00:00+00:00,2026-08-23 00:00:00+00:00,4,2,1.345,2.01,1.0,0.2857142857142857,4.0,8.0,11.313708498984761,0.0,0.0,24.0,0.08121030314161228,2,2,2,7
SOURCE_0263,2026-08-22 00:00:00+00:00,2026-08-22 00:00:00+00:00,1,1,0.5,0.5,0.0,0.14285714285714285,1.0,,,,,,0.0,1,1,1,7
SOURCE_0264,2026-08-22 00:00:00+00:00,2026-08-22 00:00:00+00:00,2,1,0.68,0.68,0.0,0.14285714285714285,2.0,0.0,0.0,0.0,0.0,0.0,0.0,1,1,1,7
SOURCE_0265,2026-08-22 00:00:00+00:00,2026-08-22 00:00:00+00:00,1,1,1.78,1.78,0.0,0.14285714285714285,1.0,,,,,,0.0,1,1,1,7
SOURCE_0266,2026-08-22 00:00:00+00:00,2026-08-22 00:00:00+00:00,1,1,1.9,1.9,0.0,0.14285714285714285,1.0,,,,,,0.0,1,1,1,7
SOURCE_0267,2026-08-21 00:00:00+00:00,2026-08-22 00:00:00+00:00,3,2,1.46,2.28,1.0,0.2857142857142857,3.0,12.0,12.0,12.0,0.0,24.0,0.07692307692307693,2,2,2,7
SOURCE_0268,2026-08-22 00:00:00+00:00,2026-08-22 00:00:00+00:00,1,1,1.12,1.12,0.0,0.14285714285714285,1.0,,,,,,0.0,1,1,1,7
SOURCE_0269,2026-08-22 00:00:00+00:00,2026-08-22 00:00:00+00:00,1,1,1.06,1.06,0.0,0.14285714285714285,1.0,,,,,,0.0,1,1,1,7
SOURCE_0270,2026-08-22 00:00:00+00:00,2026-08-22 00:00:00+00:00,3,1,1.3933333333333333,1.79,0.0,0.14285714285714285,3.0,0.0,0.0,0.0,0.0,0.0,1.0,1,1,1,7
SOURCE_0271,2026-08-22 00:00:00+00:00,2026-08-22 00:00:00+00:00,2,1,1.195,1.48,0.0,0.14285714285714285,2.0,0.0,0.0,0.0,0.0,0.0,0.0,1,1,1,7
SOURCE_0272,2026-08-22 00:00:00+00:00,2026-08-22 00:00:00+00:00,3,1,1.4533333333333331,1.6,0.0,0.14285714285714285,3.0,0.0,0.0,0.0,0.0,0.0,1.0,1,1,1,7
SOURCE_0273,2026-08-22 00:00:00+00:00,2026-08-22 00:00:00+00:00,1,1,2.42,2.42,0.0,0.14285714285714285,1.0,,,,,,0.0,1,1,1,7
SOURCE_0274,2026-08-22 00:00:00+00:00,2026-08-25 00:00:00+00:00,35,4,4.1648571428571435,10.55,3.0,0.5714285714285714,11.666666666666666,2.1176470588235294,6.807282890112678,0.0,0.0,24.0,0.1280855342473145,4,4,4,7
SOURCE_0275,2026-08-22 00:00:00+00:00,2026-08-22 00:00:00+00:00,1,1,2.05,2.05,0.0,0.14285714285714285,1.0,,,,,,0.0,1,1,1,7
SOURCE_0276,2026-08-22 00:00:00+00:00,2026-08-22 00:00:00+00:00,2,1,1.045,1.24,0.0,0.14285714285714285,2.0,0.0,0.0,0.0,0.0,0.0,0.0,1,1,1,7
SOURCE_0277,2026-08-22 00:00:00+00:00,2026-08-22 00:00:00+00:00,1,1,0.93,0.93,0.0,0.14285714285714285,1.0,,,,,,0.0,1,1,1,7
SOURCE_0278,2026-08-22 00:00:00+00:00,2026-08-22 00:00:00+00:00,1,1,0.33,0.33,0.0,0.14285714285714285,1.0,,,,,,0.0,1,1,1,7
SOURCE_0279,2026-08-22 00:00:00+00:00,2026-08-22 00:00:00+00:00,1,1,0.81,0.81,0.0,0.14285714285714285,1.0,,,,,,0.0,1,1,1,7
SOURCE_0280,2026-08-22 00:00:00+00:00,2026-08-22 00:00:00+00:00,1,1,0.32,0.32,0.0,0.14285714285714285,1.0,,,,,,0.0,1,1,1,7
SOURCE_0281,2026-08-22 00:00:00+00:00,2026-08-22 00:00:00+00:00,1,1,1.24,1.24,0.0,0.14285714285714285,1.0,,,,,,0.0,1,1,1,7
SOURCE_0282,2026-08-22 00:00:00+00:00,2026-08-22 00:00:00+00:00,1,1,0.95,0.95,0.0,0.14285714285714285,1.0,,,,,,0.0,1,1,1,7
SOURCE_0283,2026-08-23 00:00:00+00:00,2026-08-23 00:00:00+00:00,2,1,4.38,6.03,0.0,0.14285714285714285,2.0,0.0,0.0,0.0,0.0,0.0,0.0,1,1,1,7
SOURCE_0284,2026-08-23 00:00:00+00:00,2026-08-23 00:00:00+00:00,2,1,10.07,14.59,0.0,0.14285714285714285,2.0,0.0,0.0,0.0,0.0,0.0,0.0,1,1,1,7
SOURCE_0285,2026-08-23 00:00:00+00:00,2026-08-23 00:00:00+00:00,3,1,13.42,19.65,0.0,0.14285714285714285,3.0,0.0,0.0,0.0,0.0,0.0,1.0,1,1,1,7
SOURCE_0286,2026-08-23 00:00:00+00:00,2026-08-23 00:00:00+00:00,1,1,3.51,3.51,0.0,0.14285714285714285,1.0,,,,,,0.0,1,1,1,7
SOURCE_0287,2026-08-23 00:00:00+00:00,2026-08-23 00:00:00+00:00,1,1,7.06,7.06,0.0,0.14285714285714285,1.0,,,,,,0.0,1,1,1,7
SOURCE_0288,2026-08-23 00:00:00+00:00,2026-08-23 00:00:00+00:00,1,1,3.87,3.87,0.0,0.14285714285714285,1.0,,,,,,0.0,1,1,1,7
SOURCE_0289,2026-08-23 00:00:00+00:00,2026-08-23 00:00:00+00:00,1,1,7.16,7.16,0.0,0.14285714285714285,1.0,,,,,,0.0,1,1,1,7
SOURCE_0290,2026-08-23 00:00:00+00:00,2026-08-23 00:00:00+00:00,1,1,4.53,4.53,0.0,0.14285714285714285,1.0,,,,,,0.0,1,1,1,7
SOURCE_0291,2026-08-23 00:00:00+00:00,2026-08-23 00:00:00+00:00,1,1,6.9,6.9,0.0,0.14285714285714285,1.0,,,,,,0.0,1,1,1,7
SOURCE_0292,2026-08-23 00:00:00+00:00,2026-08-23 00:00:00+00:00,1,1,4.41,4.41,0.0,0.14285714285714285,1.0,,,,,,0.0,1,1,1,7
SOURCE_0293,2026-08-23 00:00:00+00:00,2026-08-23 00:00:00+00:00,1,1,7.89,7.89,0.0,0.14285714285714285,1.0,,,,,,0.0,1,1,1,7
SOURCE_0294,2026-08-23 00:00:00+00:00,2026-08-23 00:00:00+00:00,1,1,0.62,0.62,0.0,0.14285714285714285,1.0,,,,,,0.0,1,1,1,7
SOURCE_0295,2026-08-23 00:00:00+00:00,2026-08-23 00:00:00+00:00,1,1,0.92,0.92,0.0,0.14285714285714285,1.0,,,,,,0.0,1,1,1,7
SOURCE_0296,2026-08-23 00:00:00+00:00,2026-08-23 00:00:00+00:00,2,1,3.135,3.28,0.0,0.14285714285714285,2.0,0.0,0.0,0.0,0.0,0.0,0.0,1,1,1,7
SOURCE_0297,2026-08-22 00:00:00+00:00,2026-08-23 00:00:00+00:00,3,2,1.7566666666666666,2.06,1.0,0.2857142857142857,3.0,12.0,12.0,12.0,0.0,24.0,0.07692307692307693,2,2,2,7
SOURCE_0298,2026-08-23 00:00:00+00:00,2026-08-23 00:00:00+00:00,3,1,2.1933333333333334,2.37,0.0,0.14285714285714285,3.0,0.0,0.0,0.0,0.0,0.0,1.0,1,1,1,7
SOURCE_0299,2026-08-22 00:00:00+00:00,2026-08-23 00:00:00+00:00,3,2,1.5833333333333333,1.82,1.0,0.2857142857142857,3.0,12.0,12.0,12.0,0.0,24.0,0.07692307692307693,2,2,2,7
SOURCE_0300,2026-08-23 00:00:00+00:00,2026-08-23 00:00:00+00:00,2,1,0.75,0.75,0.0,0.14285714285714285,2.0,0.0,0.0,0.0,0.0,0.0,0.0,1,1,1,7
SOURCE_0301,2026-08-23 00:00:00+00:00,2026-08-25 00:00:00+00:00,12,3,2.2291666666666665,3.38,2.0,0.42857142857142855,6.0,4.363636363636363,9.256670590078441,0.0,0.0,24.0,0.09749752526588185,3,3,3,7
SOURCE_0302,2026-08-23 00:00:00+00:00,2026-08-25 00:00:00+00:00,4,3,1.43,1.92,2.0,0.42857142857142855,2.0,16.0,11.313708498984761,24.0,0.0,24.0,0.08121030314161228,3,3,3,7
SOURCE_0303,2026-08-23 00:00:00+00:00,2026-08-24 00:00:00+00:00,7,2,1.5071428571428573,2.41,1.0,0.2857142857142857,7.0,4.0,8.94427190999916,0.0,0.0,24.0,0.10056040392403998,2,2,2,7
SOURCE_0304,2026-08-23 00:00:00+00:00,2026-08-23 00:00:00+00:00,1,1,2.69,2.69,0.0,0.14285714285714285,1.0,,,,,,0.0,1,1,1,7
SOURCE_0305,2026-08-23 00:00:00+00:00,2026-08-23 00:00:00+00:00,1,1,0.49,0.49,0.0,0.14285714285714285,1.0,,,,,,0.0,1,1,1,7
SOURCE_0306,2026-08-23 00:00:00+00:00,2026-08-23 00:00:00+00:00,1,1,0.28,0.28,0.0,0.14285714285714285,1.0,,,,,,0.0,1,1,1,7
SOURCE_0307,2026-08-23 00:00:00+00:00,2026-08-23 00:00:00+00:00,2,1,2.13,3.65,0.0,0.14285714285714285,2.0,0.0,0.0,0.0,0.0,0.0,0.0,1,1,1,7
SOURCE_0308,2026-08-23 00:00:00+00:00,2026-08-23 00:00:00+00:00,1,1,2.26,2.26,0.0,0.14285714285714285,1.0,,,,,,0.0,1,1,1,7
SOURCE_0309,2026-08-23 00:00:00+00:00,2026-08-23 00:00:00+00:00,1,1,0.91,0.91,0.0,0.14285714285714285,1.0,,,,,,0.0,1,1,1,7
SOURCE_0310,2026-08-22 00:00:00+00:00,2026-08-23 00:00:00+00:00,3,2,1.0866666666666667,1.56,1.0,0.2857142857142857,3.0,12.0,12.0,12.0,0.0,24.0,0.07692307692307693,2,2,2,7
SOURCE_0311,2026-08-23 00:00:00+00:00,2026-08-23 00:00:00+00:00,2,1,1.49,1.5,0.0,0.14285714285714285,2.0,0.0,0.0,0.0,0.0,0.0,0.0,1,1,1,7
SOURCE_0312,2026-08-23 00:00:00+00:00,2026-08-23 00:00:00+00:00,6,1,1.9366666666666668,2.6,0.0,0.14285714285714285,6.0,0.0,0.0,0.0,0.0,0.0,1.0,1,1,1,7
SOURCE_0313,2026-08-23 00:00:00+00:00,2026-08-23 00:00:00+00:00,1,1,3.34,3.34,0.0,0.14285714285714285,1.0,,,,,,0.0,1,1,1,7
SOURCE_0314,2026-08-23 00:00:00+00:00,2026-08-24 00:00:00+00:00,2,2,1.135,1.46,1.0,0.2857142857142857,2.0,24.0,0.0,24.0,24.0,24.0,0.0,2,2,2,7
SOURCE_0315,2026-08-24 00:00:00+00:00,2026-08-24 00:00:00+00:00,2,1,14.92,20.93,0.0,0.14285714285714285,2.0,0.0,0.0,0.0,0.0,0.0,0.0,1,1,1,7
SOURCE_0316,2026-08-23 00:00:00+00:00,2026-08-25 00:00:00+00:00,8,3,1.7925,2.5,2.0,0.42857142857142855,4.0,6.857142857142857,10.842094834863014,0.0,0.0,24.0,0.08444451880726454,3,3,3,7
SOURCE_0317,2026-08-24 00:00:00+00:00,2026-08-24 00:00:00+00:00,2,1,1.0150000000000001,1.35,0.0,0.14285714285714285,2.0,0.0,0.0,0.0,0.0,0.0,0.0,1,1,1,7
SOURCE_0318,2026-08-24 00:00:00+00:00,2026-08-24 00:00:00+00:00,1,1,1.35,1.35,0.0,0.14285714285714285,1.0,,,,,,0.0,1,1,1,7
SOURCE_0319,2026-08-24 00:00:00+00:00,2026-08-24 00:00:00+00:00,3,1,1.51,1.51,0.0,0.14285714285714285,3.0,0.0,0.0,0.0,0.0,0.0,1.0,1,1,1,7
SOURCE_0320,2026-08-24 00:00:00+00:00,2026-08-24 00:00:00+00:00,1,1,0.92,0.92,0.0,0.14285714285714285,1.0,,,,,,0.0,1,1,1,7
SOURCE_0321,2026-08-24 00:00:00+00:00,2026-08-25 00:00:00+00:00,2,2,2.37,2.91,1.0,0.2857142857142857,2.0,24.0,0.0,24.0,24.0,24.0,0.0,2,2,2,7
SOURCE_0322,2026-08-24 00:00:00+00:00,2026-08-25 00:00:00+00:00,6,2,2.97,5.39,1.0,0.2857142857142857,6.0,4.8,9.6,0.0,0.0,24.0,0.09433962264150944,2,2,2,7
SOURCE_0323,2026-08-24 00:00:00+00:00,2026-08-24 00:00:00+00:00,2,1,2.21,2.84,0.0,0.14285714285714285,2.0,0.0,0.0,0.0,0.0,0.0,0.0,1,1,1,7
SOURCE_0324,2026-08-24 00:00:00+00:00,2026-08-24 00:00:00+00:00,1,1,1.34,1.34,0.0,0.14285714285714285,1.0,,,,,,0.0,1,1,1,7
SOURCE_0325,2026-08-24 00:00:00+00:00,2026-08-25 00:00:00+00:00,2,2,2.26,2.33,1.0,0.2857142857142857,2.0,24.0,0.0,24.0,24.0,24.0,0.0,2,2,2,7
SOURCE_0326,2026-08-24 00:00:00+00:00,2026-08-25 00:00:00+00:00,6,2,3.473333333333333,8.73,1.0,0.2857142857142857,6.0,4.8,9.6,0.0,0.0,24.0,0.09433962264150944,2,2,2,7
SOURCE_0327,2026-08-23 00:00:00+00:00,2026-08-24 00:00:00+00:00,3,2,1.0966666666666667,1.72,1.0,0.2857142857142857,3.0,12.0,12.0,12.0,0.0,24.0,0.07692307692307693,2,2,2,7
SOURCE_0328,2026-08-23 00:00:00+00:00,2026-08-24 00:00:00+00:00,3,2,0.88,0.98,1.0,0.2857142857142857,3.0,12.0,12.0,12.0,0.0,24.0,0.07692307692307693,2,2,2,7
SOURCE_0329,2026-08-23 00:00:00+00:00,2026-08-25 00:00:00+00:00,5,3,1.222,1.97,2.0,0.42857142857142855,2.5,12.0,12.0,12.0,0.0,24.0,0.07692307692307693,3,3,3,7
SOURCE_0330,2026-08-23 00:00:00+00:00,2026-08-25 00:00:00+00:00,3,3,3.546666666666667,7.97,2.0,0.42857142857142855,1.5,24.0,0.0,24.0,24.0,24.0,1.0,3,3,3,7
SOURCE_0331,2026-08-24 00:00:00+00:00,2026-08-25 00:00:00+00:00,6,2,2.2383333333333333,3.76,1.0,0.2857142857142857,6.0,4.8,9.6,0.0,0.0,24.0,0.09433962264150944,2,2,2,7
SOURCE_0332,2026-08-24 00:00:00+00:00,2026-08-24 00:00:00+00:00,7,1,4.414285714285714,7.01,0.0,0.14285714285714285,7.0,0.0,0.0,0.0,0.0,0.0,1.0,1,1,1,7
SOURCE_0333,2026-08-25 00:00:00+00:00,2026-08-25 00:00:00+00:00,1,1,4.73,4.73,0.0,0.14285714285714285,1.0,,,,,,0.0,1,1,1,7
SOURCE_0334,2026-08-25 00:00:00+00:00,2026-08-25 00:00:00+00:00,1,1,3.57,3.57,0.0,0.14285714285714285,1.0,,,,,,0.0,1,1,1,7
SOURCE_0335,2026-08-25 00:00:00+00:00,2026-08-25 00:00:00+00:00,1,1,4.27,4.27,0.0,0.14285714285714285,1.0,,,,,,0.0,1,1,1,7
SOURCE_0336,2026-08-25 00:00:00+00:00,2026-08-25 00:00:00+00:00,1,1,3.45,3.45,0.0,0.14285714285714285,1.0,,,,,,0.0,1,1,1,7
SOURCE_0337,2026-08-25 00:00:00+00:00,2026-08-25 00:00:00+00:00,1,1,3.57,3.57,0.0,0.14285714285714285,1.0,,,,,,0.0,1,1,1,7
SOURCE_0338,2026-08-25 00:00:00+00:00,2026-08-25 00:00:00+00:00,1,1,0.9,0.9,0.0,0.14285714285714285,1.0,,,,,,0.0,1,1,1,7
SOURCE_0339,2026-08-25 00:00:00+00:00,2026-08-25 00:00:00+00:00,2,1,1.21,1.23,0.0,0.14285714285714285,2.0,0.0,0.0,0.0,0.0,0.0,0.0,1,1,1,7
SOURCE_0340,2026-08-25 00:00:00+00:00,2026-08-25 00:00:00+00:00,1,1,2.73,2.73,0.0,0.14285714285714285,1.0,,,,,,0.0,1,1,1,7
SOURCE_0341,2026-08-24 00:00:00+00:00,2026-08-25 00:00:00+00:00,2,2,2.235,2.54,1.0,0.2857142857142857,2.0,24.0,0.0,24.0,24.0,24.0,0.0,2,2,2,7
SOURCE_0342,2026-08-25 00:00:00+00:00,2026-08-25 00:00:00+00:00,1,1,0.41,0.41,0.0,0.14285714285714285,1.0,,,,,,0.0,1,1,1,7
SOURCE_0343,2026-08-25 00:00:00+00:00,2026-08-25 00:00:00+00:00,1,1,1.59,1.59,0.0,0.14285714285714285,1.0,,,,,,0.0,1,1,1,7
SOURCE_0344,2026-08-25 00:00:00+00:00,2026-08-25 00:00:00+00:00,1,1,0.92,0.92,0.0,0.14285714285714285,1.0,,,,,,0.0,1,1,1,7
SOURCE_0345,2026-08-25 00:00:00+00:00,2026-08-25 00:00:00+00:00,1,1,0.92,0.92,0.0,0.14285714285714285,1.0,,,,,,0.0,1,1,1,7
SOURCE_0346,2026-08-25 00:00:00+00:00,2026-08-25 00:00:00+00:00,1,1,0.68,0.68,0.0,0.14285714285714285,1.0,,,,,,0.0,1,1,1,7
SOURCE_0347,2026-08-25 00:00:00+00:00,2026-08-25 00:00:00+00:00,1,1,0.73,0.73,0.0,0.14285714285714285,1.0,,,,,,0.0,1,1,1,7
SOURCE_0348,2026-08-25 00:00:00+00:00,2026-08-25 00:00:00+00:00,1,1,1.85,1.85,0.0,0.14285714285714285,1.0,,,,,,0.0,1,1,1,7
SOURCE_0349,2026-08-25 00:00:00+00:00,2026-08-25 00:00:00+00:00,3,1,2.54,2.93,0.0,0.14285714285714285,3.0,0.0,0.0,0.0,0.0,0.0,1.0,1,1,1,7
SOURCE_0350,2026-08-25 00:00:00+00:00,2026-08-25 00:00:00+00:00,1,1,2.37,2.37,0.0,0.14285714285714285,1.0,,,,,,0.0,1,1,1,7
SOURCE_0351,2026-08-25 00:00:00+00:00,2026-08-25 00:00:00+00:00,1,1,1.83,1.83,0.0,0.14285714285714285,1.0,,,,,,0.0,1,1,1,7
SOURCE_0352,2026-08-25 00:00:00+00:00,2026-08-25 00:00:00+00:00,4,1,5.282500000000001,6.61,0.0,0.14285714285714285,4.0,0.0,0.0,0.0,0.0,0.0,1.0,1,1,1,7
SOURCE_0353,2026-08-25 00:00:00+00:00,2026-08-25 00:00:00+00:00,3,1,2.393333333333333,3.38,0.0,0.14285714285714285,3.0,0.0,0.0,0.0,0.0,0.0,1.0,1,1,1,7
SOURCE_0354,2026-08-25 00:00:00+00:00,2026-08-25 00:00:00+00:00,1,1,0.72,0.72,0.0,0.14285714285714285,1.0,,,,,,0.0,1,1,1,7
SOURCE_0355,2026-08-25 00:00:00+00:00,2026-08-25 00:00:00+00:00,1,1,2.03,2.03,0.0,0.14285714285714285,1.0,,,,,,0.0,1,1,1,7
SOURCE_0356,2026-08-25 00:00:00+00:00,2026-08-25 00:00:00+00:00,2,1,2.625,3.06,0.0,0.14285714285714285,2.0,0.0,0.0,0.0,0.0,0.0,0.0,1,1,1,7
SOURCE_0357,2026-08-25 00:00:00+00:00,2026-08-25 00:00:00+00:00,1,1,0.79,0.79,0.0,0.14285714285714285,1.0,,,,,,0.0,1,1,1,7
SOURCE_0358,2026-08-25 00:00:00+00:00,2026-08-25 00:00:00+00:00,1,1,0.7,0.7,0.0,0.14285714285714285,1.0,,,,,,0.0,1,1,1,7
SOURCE_0359,2026-08-24 00:00:00+00:00,2026-08-25 00:00:00+00:00,3,2,1.1666666666666667,1.97,1.0,0.2857142857142857,3.0,12.0,12.0,12.0,0.0,24.0,0.07692307692307693,2,2,2,7
SOURCE_0360,2026-08-25 00:00:00+00:00,2026-08-25 00:00:00+00:00,4,1,3.745,5.23,0.0,0.14285714285714285,4.0,0.0,0.0,0.0,0.0,0.0,1.0,1,1,1,7
SOURCE_0361,2026-08-25 00:00:00+00:00,2026-08-25 00:00:00+00:00,2,1,1.9449999999999998,2.0,0.0,0.14285714285714285,2.0,0.0,0.0,0.0,0.0,0.0,0.0,1,1,1,7
SOURCE_0362,2026-08-25 00:00:00+00:00,2026-08-25 00:00:00+00:00,1,1,2.57,2.57,0.0,0.14285714285714285,1.0,,,,,,0.0,1,1,1,7
SOURCE_0363,2026-08-25 00:00:00+00:00,2026-08-25 00:00:00+00:00,1,1,2.02,2.02,0.0,0.14285714285714285,1.0,,,,,,0.0,1,1,1,7
SOURCE_0364,2026-08-19 00:00:00+00:00,2026-08-19 00:00:00+00:00,1,1,4.27,4.27,0.0,0.14285714285714285,1.0,,,,,,0.0,1,1,1,7
SOURCE_0365,2026-08-19 00:00:00+00:00,2026-08-19 00:00:00+00:00,2,1,5.91,5.99,0.0,0.14285714285714285,2.0,0.0,0.0,0.0,0.0,0.0,0.0,1,1,1,7
SOURCE_0366,2026-08-19 00:00:00+00:00,2026-08-19 00:00:00+00:00,2,1,8.405,9.25,0.0,0.14285714285714285,2.0,0.0,0.0,0.0,0.0,0.0,0.0,1,1,1,7
SOURCE_0367,2026-08-19 00:00:00+00:00,2026-08-19 00:00:00+00:00,1,1,8.62,8.62,0.0,0.14285714285714285,1.0,,,,,,0.0,1,1,1,7
SOURCE_0368,2026-08-19 00:00:00+00:00,2026-08-19 00:00:00+00:00,1,1,4.57,4.57,0.0,0.14285714285714285,1.0,,,,,,0.0,1,1,1,7
SOURCE_0369,2026-08-19 00:00:00+00:00,2026-08-19 00:00:00+00:00,1,1,14.71,14.71,0.0,0.14285714285714285,1.0,,,,,,0.0,1,1,1,7
SOURCE_0370,2026-08-19 00:00:00+00:00,2026-08-19 00:00:00+00:00,3,1,4.523333333333333,7.16,0.0,0.14285714285714285,3.0,0.0,0.0,0.0,0.0,0.0,1.0,1,1,1,7
SOURCE_0371,2026-08-19 00:00:00+00:00,2026-08-20 00:00:00+00:00,2,2,2.55,3.36,1.0,0.2857142857142857,2.0,24.0,0.0,24.0,24.0,24.0,0.0,2,2,2,7
SOURCE_0372,2026-08-19 00:00:00+00:00,2026-08-19 00:00:00+00:00,1,1,1.52,1.52,0.0,0.14285714285714285,1.0,,,,,,0.0,1,1,1,7
SOURCE_0373,2026-08-19 00:00:00+00:00,2026-08-19 00:00:00+00:00,1,1,0.76,0.76,0.0,0.14285714285714285,1.0,,,,,,0.0,1,1,1,7
SOURCE_0374,2026-08-19 00:00:00+00:00,2026-08-19 00:00:00+00:00,1,1,3.24,3.24,0.0,0.14285714285714285,1.0,,,,,,0.0,1,1,1,7
SOURCE_0375,2026-08-19 00:00:00+00:00,2026-08-19 00:00:00+00:00,1,1,1.22,1.22,0.0,0.14285714285714285,1.0,,,,,,0.0,1,1,1,7
SOURCE_0376,2026-08-19 00:00:00+00:00,2026-08-19 00:00:00+00:00,2,1,0.505,0.81,0.0,0.14285714285714285,2.0,0.0,0.0,0.0,0.0,0.0,0.0,1,1,1,7
SOURCE_0377,2026-08-19 00:00:00+00:00,2026-08-20 00:00:00+00:00,2,2,1.665,2.23,1.0,0.2857142857142857,2.0,24.0,0.0,24.0,24.0,24.0,0.0,2,2,2,7
SOURCE_0378,2026-08-19 00:00:00+00:00,2026-08-19 00:00:00+00:00,1,1,2.05,2.05,0.0,0.14285714285714285,1.0,,,,,,0.0,1,1,1,7
SOURCE_0379,2026-08-19 00:00:00+00:00,2026-08-20 00:00:00+00:00,8,2,3.01375,5.58,1.0,0.2857142857142857,8.0,3.4285714285714284,8.398250546685183,0.0,0.0,24.0,0.10640278156371408,2,2,2,7
SOURCE_0380,2026-08-19 00:00:00+00:00,2026-08-19 00:00:00+00:00,1,1,2.13,2.13,0.0,0.14285714285714285,1.0,,,,,,0.0,1,1,1,7
SOURCE_0381,2026-08-19 00:00:00+00:00,2026-08-19 00:00:00+00:00,1,1,0.97,0.97,0.0,0.14285714285714285,1.0,,,,,,0.0,1,1,1,7
SOURCE_0382,2026-08-19 00:00:00+00:00,2026-08-19 00:00:00+00:00,1,1,2.12,2.12,0.0,0.14285714285714285,1.0,,,,,,0.0,1,1,1,7
SOURCE_0383,2026-08-19 00:00:00+00:00,2026-08-19 00:00:00+00:00,1,1,1.06,1.06,0.0,0.14285714285714285,1.0,,,,,,0.0,1,1,1,7
SOURCE_0384,2026-08-20 00:00:00+00:00,2026-08-20 00:00:00+00:00,2,1,4.96,6.2,0.0,0.14285714285714285,2.0,0.0,0.0,0.0,0.0,0.0,0.0,1,1,1,7
SOURCE_0385,2026-08-20 00:00:00+00:00,2026-08-20 00:00:00+00:00,1,1,3.38,3.38,0.0,0.14285714285714285,1.0,,,,,,0.0,1,1,1,7
SOURCE_0386,2026-08-20 00:00:00+00:00,2026-08-20 00:00:00+00:00,1,1,5.91,5.91,0.0,0.14285714285714285,1.0,,,,,,0.0,1,1,1,7
SOURCE_0387,2026-08-20 00:00:00+00:00,2026-08-20 00:00:00+00:00,1,1,3.18,3.18,0.0,0.14285714285714285,1.0,,,,,,0.0,1,1,1,7
SOURCE_0388,2026-08-20 00:00:00+00:00,2026-08-20 00:00:00+00:00,1,1,4.3,4.3,0.0,0.14285714285714285,1.0,,,,,,0.0,1,1,1,7
SOURCE_0389,2026-08-20 00:00:00+00:00,2026-08-20 00:00:00+00:00,1,1,5.61,5.61,0.0,0.14285714285714285,1.0,,,,,,0.0,1,1,1,7
SOURCE_0390,2026-08-20 00:00:00+00:00,2026-08-20 00:00:00+00:00,1,1,2.27,2.27,0.0,0.14285714285714285,1.0,,,,,,0.0,1,1,1,7
SOURCE_0391,2026-08-20 00:00:00+00:00,2026-08-20 00:00:00+00:00,2,1,1.9449999999999998,2.32,0.0,0.14285714285714285,2.0,0.0,0.0,0.0,0.0,0.0,0.0,1,1,1,7
SOURCE_0392,2026-08-20 00:00:00+00:00,2026-08-20 00:00:00+00:00,1,1,0.92,0.92,0.0,0.14285714285714285,1.0,,,,,,0.0,1,1,1,7
SOURCE_0393,2026-08-20 00:00:00+00:00,2026-08-20 00:00:00+00:00,1,1,1.13,1.13,0.0,0.14285714285714285,1.0,,,,,,0.0,1,1,1,7
SOURCE_0394,2026-08-20 00:00:00+00:00,2026-08-20 00:00:00+00:00,1,1,1.48,1.48,0.0,0.14285714285714285,1.0,,,,,,0.0,1,1,1,7
SOURCE_0395,2026-08-20 00:00:00+00:00,2026-08-20 00:00:00+00:00,1,1,0.98,0.98,0.0,0.14285714285714285,1.0,,,,,,0.0,1,1,1,7
SOURCE_0396,2026-08-20 00:00:00+00:00,2026-08-20 00:00:00+00:00,1,1,2.3,2.3,0.0,0.14285714285714285,1.0,,,,,,0.0,1,1,1,7
SOURCE_0397,2026-08-20 00:00:00+00:00,2026-08-20 00:00:00+00:00,1,1,0.94,0.94,0.0,0.14285714285714285,1.0,,,,,,0.0,1,1,1,7
SOURCE_0398,2026-08-20 00:00:00+00:00,2026-08-20 00:00:00+00:00,1,1,2.37,2.37,0.0,0.14285714285714285,1.0,,,,,,0.0,1,1,1,7
SOURCE_0399,2026-08-20 00:00:00+00:00,2026-08-20 00:00:00+00:00,1,1,3.12,3.12,0.0,0.14285714285714285,1.0,,,,,,0.0,1,1,1,7
SOURCE_0400,2026-08-20 00:00:00+00:00,2026-08-20 00:00:00+00:00,1,1,2.82,2.82,0.0,0.14285714285714285,1.0,,,,,,0.0,1,1,1,7
SOURCE_0401,2026-08-20 00:00:00+00:00,2026-08-20 00:00:00+00:00,5,1,0.95,1.07,0.0,0.14285714285714285,5.0,0.0,0.0,0.0,0.0,0.0,1.0,1,1,1,7
SOURCE_0402,2026-08-20 00:00:00+00:00,2026-08-20 00:00:00+00:00,1,1,1.34,1.34,0.0,0.14285714285714285,1.0,,,,,,0.0,1,1,1,7
SOURCE_0403,2026-08-20 00:00:00+00:00,2026-08-20 00:00:00+00:00,1,1,1.59,1.59,0.0,0.14285714285714285,1.0,,,,,,0.0,1,1,1,7
SOURCE_0404,2026-08-20 00:00:00+00:00,2026-08-20 00:00:00+00:00,2,1,1.525,1.63,0.0,0.14285714285714285,2.0,0.0,0.0,0.0,0.0,0.0,0.0,1,1,1,7
SOURCE_0405,2026-08-20 00:00:00+00:00,2026-08-20 00:00:00+00:00,1,1,1.7,1.7,0.0,0.14285714285714285,1.0,,,,,,0.0,1,1,1,7
SOURCE_0406,2026-08-20 00:00:00+00:00,2026-08-20 00:00:00+00:00,1,1,0.97,0.97,0.0,0.14285714285714285,1.0,,,,,,0.0,1,1,1,7
SOURCE_0407,2026-08-20 00:00:00+00:00,2026-08-20 00:00:00+00:00,1,1,1.31,1.31,0.0,0.14285714285714285,1.0,,,,,,0.0,1,1,1,7
SOURCE_0408,2026-08-20 00:00:00+00:00,2026-08-20 00:00:00+00:00,1,1,1.61,1.61,0.0,0.14285714285714285,1.0,,,,,,0.0,1,1,1,7
SOURCE_0409,2026-08-20 00:00:00+00:00,2026-08-20 00:00:00+00:00,2,1,1.31,1.43,0.0,0.14285714285714285,2.0,0.0,0.0,0.0,0.0,0.0,0.0,1,1,1,7
SOURCE_0410,2026-08-20 00:00:00+00:00,2026-08-20 00:00:00+00:00,2,1,1.705,1.82,0.0,0.14285714285714285,2.0,0.0,0.0,0.0,0.0,0.0,0.0,1,1,1,7
SOURCE_0411,2026-08-20 00:00:00+00:00,2026-08-20 00:00:00+00:00,4,1,2.2925,3.43,0.0,0.14285714285714285,4.0,0.0,0.0,0.0,0.0,0.0,1.0,1,1,1,7
SOURCE_0412,2026-08-20 00:00:00+00:00,2026-08-20 00:00:00+00:00,1,1,0.63,0.63,0.0,0.14285714285714285,1.0,,,,,,0.0,1,1,1,7
SOURCE_0413,2026-08-20 00:00:00+00:00,2026-08-21 00:00:00+00:00,2,2,2.3,2.72,1.0,0.2857142857142857,2.0,24.0,0.0,24.0,24.0,24.0,0.0,2,2,2,7
SOURCE_0414,2026-08-20 00:00:00+00:00,2026-08-20 00:00:00+00:00,1,1,2.69,2.69,0.0,0.14285714285714285,1.0,,,,,,0.0,1,1,1,7
SOURCE_0415,2026-08-20 00:00:00+00:00,2026-08-20 00:00:00+00:00,1,1,1.52,1.52,0.0,0.14285714285714285,1.0,,,,,,0.0,1,1,1,7
SOURCE_0416,2026-08-20 00:00:00+00:00,2026-08-20 00:00:00+00:00,1,1,1.33,1.33,0.0,0.14285714285714285,1.0,,,,,,0.0,1,1,1,7
SOURCE_0417,2026-08-20 00:00:00+00:00,2026-08-20 00:00:00+00:00,1,1,1.44,1.44,0.0,0.14285714285714285,1.0,,,,,,0.0,1,1,1,7
SOURCE_0418,2026-08-20 00:00:00+00:00,2026-08-20 00:00:00+00:00,1,1,1.92,1.92,0.0,0.14285714285714285,1.0,,,,,,0.0,1,1,1,7
SOURCE_0419,2026-08-20 00:00:00+00:00,2026-08-20 00:00:00+00:00,1,1,2.74,2.74,0.0,0.14285714285714285,1.0,,,,,,0.0,1,1,1,7
SOURCE_0420,2026-08-20 00:00:00+00:00,2026-08-20 00:00:00+00:00,1,1,2.97,2.97,0.0,0.14285714285714285,1.0,,,,,,0.0,1,1,1,7
SOURCE_0421,2026-08-20 00:00:00+00:00,2026-08-20 00:00:00+00:00,1,1,2.22,2.22,0.0,0.14285714285714285,1.0,,,,,,0.0,1,1,1,7
SOURCE_0422,2026-08-20 00:00:00+00:00,2026-08-20 00:00:00+00:00,1,1,2.22,2.22,0.0,0.14285714285714285,1.0,,,,,,0.0,1,1,1,7
SOURCE_0423,2026-08-20 00:00:00+00:00,2026-08-20 00:00:00+00:00,1,1,0.65,0.65,0.0,0.14285714285714285,1.0,,,,,,0.0,1,1,1,7
SOURCE_0424,2026-08-20 00:00:00+00:00,2026-08-20 00:00:00+00:00,1,1,0.86,0.86,0.0,0.14285714285714285,1.0,,,,,,0.0,1,1,1,7
SOURCE_0425,2026-08-20 00:00:00+00:00,2026-08-20 00:00:00+00:00,1,1,0.65,0.65,0.0,0.14285714285714285,1.0,,,,,,0.0,1,1,1,7
SOURCE_0426,2026-08-20 00:00:00+00:00,2026-08-20 00:00:00+00:00,1,1,1.3,1.3,0.0,0.14285714285714285,1.0,,,,,,0.0,1,1,1,7
SOURCE_0427,2026-08-20 00:00:00+00:00,2026-08-20 00:00:00+00:00,1,1,1.91,1.91,0.0,0.14285714285714285,1.0,,,,,,0.0,1,1,1,7
SOURCE_0428,2026-08-20 00:00:00+00:00,2026-08-20 00:00:00+00:00,1,1,1.4,1.4,0.0,0.14285714285714285,1.0,,,,,,0.0,1,1,1,7
SOURCE_0429,2026-08-20 00:00:00+00:00,2026-08-20 00:00:00+00:00,1,1,2.26,2.26,0.0,0.14285714285714285,1.0,,,,,,0.0,1,1,1,7
SOURCE_0430,2026-08-21 00:00:00+00:00,2026-08-21 00:00:00+00:00,1,1,13.65,13.65,0.0,0.14285714285714285,1.0,,,,,,0.0,1,1,1,7
SOURCE_0431,2026-08-21 00:00:00+00:00,2026-08-21 00:00:00+00:00,1,1,17.06,17.06,0.0,0.14285714285714285,1.0,,,,,,0.0,1,1,1,7
SOURCE_0432,2026-08-21 00:00:00+00:00,2026-08-21 00:00:00+00:00,2,1,6.325,6.7,0.0,0.14285714285714285,2.0,0.0,0.0,0.0,0.0,0.0,0.0,1,1,1,7
SOURCE_0433,2026-08-21 00:00:00+00:00,2026-08-21 00:00:00+00:00,1,1,2.32,2.32,0.0,0.14285714285714285,1.0,,,,,,0.0,1,1,1,7
SOURCE_0434,2026-08-21 00:00:00+00:00,2026-08-21 00:00:00+00:00,1,1,3.1,3.1,0.0,0.14285714285714285,1.0,,,,,,0.0,1,1,1,7
SOURCE_0435,2026-08-21 00:00:00+00:00,2026-08-21 00:00:00+00:00,1,1,2.82,2.82,0.0,0.14285714285714285,1.0,,,,,,0.0,1,1,1,7
SOURCE_0436,2026-08-21 00:00:00+00:00,2026-08-21 00:00:00+00:00,1,1,2.91,2.91,0.0,0.14285714285714285,1.0,,,,,,0.0,1,1,1,7
SOURCE_0437,2026-08-21 00:00:00+00:00,2026-08-21 00:00:00+00:00,1,1,3.81,3.81,0.0,0.14285714285714285,1.0,,,,,,0.0,1,1,1,7
SOURCE_0438,2026-08-21 00:00:00+00:00,2026-08-21 00:00:00+00:00,1,1,2.83,2.83,0.0,0.14285714285714285,1.0,,,,,,0.0,1,1,1,7
SOURCE_0439,2026-08-21 00:00:00+00:00,2026-08-21 00:00:00+00:00,1,1,7.04,7.04,0.0,0.14285714285714285,1.0,,,,,,0.0,1,1,1,7
SOURCE_0440,2026-08-21 00:00:00+00:00,2026-08-21 00:00:00+00:00,1,1,2.15,2.15,0.0,0.14285714285714285,1.0,,,,,,0.0,1,1,1,7
SOURCE_0441,2026-08-21 00:00:00+00:00,2026-08-21 00:00:00+00:00,1,1,3.86,3.86,0.0,0.14285714285714285,1.0,,,,,,0.0,1,1,1,7
SOURCE_0442,2026-08-21 00:00:00+00:00,2026-08-21 00:00:00+00:00,1,1,2.64,2.64,0.0,0.14285714285714285,1.0,,,,,,0.0,1,1,1,7
SOURCE_0443,2026-08-21 00:00:00+00:00,2026-08-21 00:00:00+00:00,1,1,5.06,5.06,0.0,0.14285714285714285,1.0,,,,,,0.0,1,1,1,7
SOURCE_0444,2026-08-21 00:00:00+00:00,2026-08-21 00:00:00+00:00,1,1,5.49,5.49,0.0,0.14285714285714285,1.0,,,,,,0.0,1,1,1,7
SOURCE_0445,2026-08-21 00:00:00+00:00,2026-08-21 00:00:00+00:00,1,1,6.91,6.91,0.0,0.14285714285714285,1.0,,,,,,0.0,1,1,1,7
SOURCE_0446,2026-08-21 00:00:00+00:00,2026-08-21 00:00:00+00:00,1,1,2.79,2.79,0.0,0.14285714285714285,1.0,,,,,,0.0,1,1,1,7
SOURCE_0447,2026-08-21 00:00:00+00:00,2026-08-21 00:00:00+00:00,1,1,2.65,2.65,0.0,0.14285714285714285,1.0,,,,,,0.0,1,1,1,7
SOURCE_0448,2026-08-21 00:00:00+00:00,2026-08-21 00:00:00+00:00,1,1,3.58,3.58,0.0,0.14285714285714285,1.0,,,,,,0.0,1,1,1,7
SOURCE_0449,2026-08-21 00:00:00+00:00,2026-08-22 00:00:00+00:00,2,2,2.115,3.18,1.0,0.2857142857142857,2.0,24.0,0.0,24.0,24.0,24.0,0.0,2,2,2,7
SOURCE_0450,2026-08-21 00:00:00+00:00,2026-08-21 00:00:00+00:00,2,1,0.94,0.94,0.0,0.14285714285714285,2.0,0.0,0.0,0.0,0.0,0.0,0.0,1,1,1,7
SOURCE_0451,2026-08-21 00:00:00+00:00,2026-08-21 00:00:00+00:00,2,1,1.405,1.51,0.0,0.14285714285714285,2.0,0.0,0.0,0.0,0.0,0.0,0.0,1,1,1,7
SOURCE_0452,2026-08-21 00:00:00+00:00,2026-08-21 00:00:00+00:00,1,1,2.1,2.1,0.0,0.14285714285714285,1.0,,,,,,0.0,1,1,1,7
SOURCE_0453,2026-08-21 00:00:00+00:00,2026-08-21 00:00:00+00:00,1,1,1.25,1.25,0.0,0.14285714285714285,1.0,,,,,,0.0,1,1,1,7
SOURCE_0454,2026-08-21 00:00:00+00:00,2026-08-21 00:00:00+00:00,1,1,1.99,1.99,0.0,0.14285714285714285,1.0,,,,,,0.0,1,1,1,7
SOURCE_0455,2026-08-21 00:00:00+00:00,2026-08-21 00:00:00+00:00,2,1,0.92,1.11,0.0,0.14285714285714285,2.0,0.0,0.0,0.0,0.0,0.0,0.0,1,1,1,7
SOURCE_0456,2026-08-21 00:00:00+00:00,2026-08-21 00:00:00+00:00,1,1,0.81,0.81,0.0,0.14285714285714285,1.0,,,,,,0.0,1,1,1,7
SOURCE_0457,2026-08-21 00:00:00+00:00,2026-08-21 00:00:00+00:00,1,1,1.44,1.44,0.0,0.14285714285714285,1.0,,,,,,0.0,1,1,1,7
SOURCE_0458,2026-08-21 00:00:00+00:00,2026-08-21 00:00:00+00:00,1,1,0.52,0.52,0.0,0.14285714285714285,1.0,,,,,,0.0,1,1,1,7
SOURCE_0459,2026-08-21 00:00:00+00:00,2026-08-21 00:00:00+00:00,1,1,0.74,0.74,0.0,0.14285714285714285,1.0,,,,,,0.0,1,1,1,7
SOURCE_0460,2026-08-21 00:00:00+00:00,2026-08-21 00:00:00+00:00,1,1,0.92,0.92,0.0,0.14285714285714285,1.0,,,,,,0.0,1,1,1,7
SOURCE_0461,2026-08-22 00:00:00+00:00,2026-08-22 00:00:00+00:00,1,1,5.8,5.8,0.0,0.14285714285714285,1.0,,,,,,0.0,1,1,1,7
SOURCE_0462,2026-08-22 00:00:00+00:00,2026-08-22 00:00:00+00:00,1,1,1.39,1.39,0.0,0.14285714285714285,1.0,,,,,,0.0,1,1,1,7
SOURCE_0463,2026-08-22 00:00:00+00:00,2026-08-22 00:00:00+00:00,1,1,5.93,5.93,0.0,0.14285714285714285,1.0,,,,,,0.0,1,1,1,7
SOURCE_0464,2026-08-22 00:00:00+00:00,2026-08-22 00:00:00+00:00,1,1,3.0,3.0,0.0,0.14285714285714285,1.0,,,,,,0.0,1,1,1,7
SOURCE_0465,2026-08-22 00:00:00+00:00,2026-08-22 00:00:00+00:00,1,1,2.79,2.79,0.0,0.14285714285714285,1.0,,,,,,0.0,1,1,1,7
SOURCE_0466,2026-08-22 00:00:00+00:00,2026-08-22 00:00:00+00:00,1,1,3.19,3.19,0.0,0.14285714285714285,1.0,,,,,,0.0,1,1,1,7
SOURCE_0467,2026-08-22 00:00:00+00:00,2026-08-22 00:00:00+00:00,1,1,0.75,0.75,0.0,0.14285714285714285,1.0,,,,,,0.0,1,1,1,7
SOURCE_0468,2026-08-22 00:00:00+00:00,2026-08-22 00:00:00+00:00,1,1,3.67,3.67,0.0,0.14285714285714285,1.0,,,,,,0.0,1,1,1,7
SOURCE_0469,2026-08-22 00:00:00+00:00,2026-08-22 00:00:00+00:00,1,1,0.83,0.83,0.0,0.14285714285714285,1.0,,,,,,0.0,1,1,1,7
SOURCE_0470,2026-08-22 00:00:00+00:00,2026-08-22 00:00:00+00:00,1,1,0.33,0.33,0.0,0.14285714285714285,1.0,,,,,,0.0,1,1,1,7
SOURCE_0471,2026-08-22 00:00:00+00:00,2026-08-23 00:00:00+00:00,4,2,1.3525,1.41,1.0,0.2857142857142857,4.0,8.0,11.313708498984761,0.0,0.0,24.0,0.08121030314161228,2,2,2,7
SOURCE_0472,2026-08-22 00:00:00+00:00,2026-08-23 00:00:00+00:00,2,2,1.755,2.13,1.0,0.2857142857142857,2.0,24.0,0.0,24.0,24.0,24.0,0.0,2,2,2,7
SOURCE_0473,2026-08-22 00:00:00+00:00,2026-08-23 00:00:00+00:00,2,2,2.05,2.23,1.0,0.2857142857142857,2.0,24.0,0.0,24.0,24.0,24.0,0.0,2,2,2,7
SOURCE_0474,2026-08-22 00:00:00+00:00,2026-08-22 00:00:00+00:00,1,1,1.09,1.09,0.0,0.14285714285714285,1.0,,,,,,0.0,1,1,1,7
SOURCE_0475,2026-08-22 00:00:00+00:00,2026-08-22 00:00:00+00:00,4,1,0.965,1.14,0.0,0.14285714285714285,4.0,0.0,0.0,0.0,0.0,0.0,1.0,1,1,1,7
SOURCE_0476,2026-08-22 00:00:00+00:00,2026-08-22 00:00:00+00:00,1,1,3.06,3.06,0.0,0.14285714285714285,1.0,,,,,,0.0,1,1,1,7
SOURCE_0477,2026-08-22 00:00:00+00:00,2026-08-22 00:00:00+00:00,1,1,0.82,0.82,0.0,0.14285714285714285,1.0,,,,,,0.0,1,1,1,7
SOURCE_0478,2026-08-22 00:00:00+00:00,2026-08-22 00:00:00+00:00,1,1,1.1,1.1,0.0,0.14285714285714285,1.0,,,,,,0.0,1,1,1,7
SOURCE_0479,2026-08-22 00:00:00+00:00,2026-08-22 00:00:00+00:00,1,1,1.33,1.33,0.0,0.14285714285714285,1.0,,,,,,0.0,1,1,1,7
SOURCE_0480,2026-08-22 00:00:00+00:00,2026-08-22 00:00:00+00:00,1,1,1.5,1.5,0.0,0.14285714285714285,1.0,,,,,,0.0,1,1,1,7
SOURCE_0481,2026-08-22 00:00:00+00:00,2026-08-22 00:00:00+00:00,1,1,1.88,1.88,0.0,0.14285714285714285,1.0,,,,,,0.0,1,1,1,7
SOURCE_0482,2026-08-22 00:00:00+00:00,2026-08-22 00:00:00+00:00,1,1,1.51,1.51,0.0,0.14285714285714285,1.0,,,,,,0.0,1,1,1,7
SOURCE_0483,2026-08-22 00:00:00+00:00,2026-08-22 00:00:00+00:00,1,1,1.56,1.56,0.0,0.14285714285714285,1.0,,,,,,0.0,1,1,1,7
SOURCE_0484,2026-08-22 00:00:00+00:00,2026-08-22 00:00:00+00:00,1,1,0.5,0.5,0.0,0.14285714285714285,1.0,,,,,,0.0,1,1,1,7
SOURCE_0485,2026-08-22 00:00:00+00:00,2026-08-22 00:00:00+00:00,1,1,1.74,1.74,0.0,0.14285714285714285,1.0,,,,,,0.0,1,1,1,7
SOURCE_0486,2026-08-22 00:00:00+00:00,2026-08-22 00:00:00+00:00,1,1,2.11,2.11,0.0,0.14285714285714285,1.0,,,,,,0.0,1,1,1,7
SOURCE_0487,2026-08-22 00:00:00+00:00,2026-08-22 00:00:00+00:00,1,1,1.01,1.01,0.0,0.14285714285714285,1.0,,,,,,0.0,1,1,1,7
SOURCE_0488,2026-08-22 00:00:00+00:00,2026-08-22 00:00:00+00:00,2,1,1.51,1.61,0.0,0.14285714285714285,2.0,0.0,0.0,0.0,0.0,0.0,0.0,1,1,1,7
SOURCE_0489,2026-08-22 00:00:00+00:00,2026-08-23 00:00:00+00:00,2,2,1.165,1.25,1.0,0.2857142857142857,2.0,24.0,0.0,24.0,24.0,24.0,0.0,2,2,2,7
SOURCE_0490,2026-08-22 00:00:00+00:00,2026-08-22 00:00:00+00:00,1,1,0.72,0.72,0.0,0.14285714285714285,1.0,,,,,,0.0,1,1,1,7
SOURCE_0491,2026-08-22 00:00:00+00:00,2026-08-22 00:00:00+00:00,2,1,1.865,2.15,0.0,0.14285714285714285,2.0,0.0,0.0,0.0,0.0,0.0,0.0,1,1,1,7
SOURCE_0492,2026-08-22 00:00:00+00:00,2026-08-22 00:00:00+00:00,1,1,3.12,3.12,0.0,0.14285714285714285,1.0,,,,,,0.0,1,1,1,7
SOURCE_0493,2026-08-23 00:00:00+00:00,2026-08-23 00:00:00+00:00,1,1,3.99,3.99,0.0,0.14285714285714285,1.0,,,,,,0.0,1,1,1,7
SOURCE_0494,2026-08-23 00:00:00+00:00,2026-08-23 00:00:00+00:00,1,1,10.19,10.19,0.0,0.14285714285714285,1.0,,,,,,0.0,1,1,1,7
SOURCE_0495,2026-08-23 00:00:00+00:00,2026-08-23 00:00:00+00:00,1,1,2.35,2.35,0.0,0.14285714285714285,1.0,,,,,,0.0,1,1,1,7
SOURCE_0496,2026-08-23 00:00:00+00:00,2026-08-23 00:00:00+00:00,1,1,3.86,3.86,0.0,0.14285714285714285,1.0,,,,,,0.0,1,1,1,7
SOURCE_0497,2026-08-23 00:00:00+00:00,2026-08-23 00:00:00+00:00,1,1,8.42,8.42,0.0,0.14285714285714285,1.0,,,,,,0.0,1,1,1,7
SOURCE_0498,2026-08-23 00:00:00+00:00,2026-08-23 00:00:00+00:00,7,1,6.33,9.02,0.0,0.14285714285714285,7.0,0.0,0.0,0.0,0.0,0.0,1.0,1,1,1,7
SOURCE_0499,2026-08-23 00:00:00+00:00,2026-08-23 00:00:00+00:00,1,1,10.49,10.49,0.0,0.14285714285714285,1.0,,,,,,0.0,1,1,1,7
SOURCE_0500,2026-08-23 00:00:00+00:00,2026-08-23 00:00:00+00:00,1,1,3.7,3.7,0.0,0.14285714285714285,1.0,,,,,,0.0,1,1,1,7
SOURCE_0501,2026-08-23 00:00:00+00:00,2026-08-23 00:00:00+00:00,1,1,3.71,3.71,0.0,0.14285714285714285,1.0,,,,,,0.0,1,1,1,7
SOURCE_0502,2026-08-23 00:00:00+00:00,2026-08-23 00:00:00+00:00,1,1,1.94,1.94,0.0,0.14285714285714285,1.0,,,,,,0.0,1,1,1,7
SOURCE_0503,2026-08-23 00:00:00+00:00,2026-08-23 00:00:00+00:00,1,1,3.22,3.22,0.0,0.14285714285714285,1.0,,,,,,0.0,1,1,1,7
SOURCE_0504,2026-08-23 00:00:00+00:00,2026-08-23 00:00:00+00:00,1,1,3.0,3.0,0.0,0.14285714285714285,1.0,,,,,,0.0,1,1,1,7
SOURCE_0505,2026-08-23 00:00:00+00:00,2026-08-23 00:00:00+00:00,1,1,4.0,4.0,0.0,0.14285714285714285,1.0,,,,,,0.0,1,1,1,7
SOURCE_0506,2026-08-23 00:00:00+00:00,2026-08-23 00:00:00+00:00,1,1,12.43,12.43,0.0,0.14285714285714285,1.0,,,,,,0.0,1,1,1,7
SOURCE_0507,2026-08-23 00:00:00+00:00,2026-08-23 00:00:00+00:00,1,1,12.59,12.59,0.0,0.14285714285714285,1.0,,,,,,0.0,1,1,1,7
SOURCE_0508,2026-08-23 00:00:00+00:00,2026-08-23 00:00:00+00:00,1,1,13.81,13.81,0.0,0.14285714285714285,1.0,,,,,,0.0,1,1,1,7
SOURCE_0509,2026-08-23 00:00:00+00:00,2026-08-23 00:00:00+00:00,1,1,4.05,4.05,0.0,0.14285714285714285,1.0,,,,,,0.0,1,1,1,7
SOURCE_0510,2026-08-23 00:00:00+00:00,2026-08-23 00:00:00+00:00,1,1,3.53,3.53,0.0,0.14285714285714285,1.0,,,,,,0.0,1,1,1,7
SOURCE_0511,2026-08-23 00:00:00+00:00,2026-08-23 00:00:00+00:00,1,1,2.2,2.2,0.0,0.14285714285714285,1.0,,,,,,0.0,1,1,1,7
SOURCE_0512,2026-08-23 00:00:00+00:00,2026-08-23 00:00:00+00:00,2,1,5.935,11.04,0.0,0.14285714285714285,2.0,0.0,0.0,0.0,0.0,0.0,0.0,1,1,1,7
SOURCE_0513,2026-08-23 00:00:00+00:00,2026-08-23 00:00:00+00:00,1,1,1.92,1.92,0.0,0.14285714285714285,1.0,,,,,,0.0,1,1,1,7
SOURCE_0514,2026-08-23 00:00:00+00:00,2026-08-23 00:00:00+00:00,1,1,0.28,0.28,0.0,0.14285714285714285,1.0,,,,,,0.0,1,1,1,7
SOURCE_0515,2026-08-23 00:00:00+00:00,2026-08-23 00:00:00+00:00,1,1,1.74,1.74,0.0,0.14285714285714285,1.0,,,,,,0.0,1,1,1,7
SOURCE_0516,2026-08-23 00:00:00+00:00,2026-08-23 00:00:00+00:00,1,1,1.21,1.21,0.0,0.14285714285714285,1.0,,,,,,0.0,1,1,1,7
SOURCE_0517,2026-08-23 00:00:00+00:00,2026-08-23 00:00:00+00:00,1,1,1.8,1.8,0.0,0.14285714285714285,1.0,,,,,,0.0,1,1,1,7
SOURCE_0518,2026-08-23 00:00:00+00:00,2026-08-23 00:00:00+00:00,2,1,1.915,2.08,0.0,0.14285714285714285,2.0,0.0,0.0,0.0,0.0,0.0,0.0,1,1,1,7
SOURCE_0519,2026-08-23 00:00:00+00:00,2026-08-24 00:00:00+00:00,2,2,0.42000000000000004,0.46,1.0,0.2857142857142857,2.0,24.0,0.0,24.0,24.0,24.0,0.0,2,2,2,7
SOURCE_0520,2026-08-23 00:00:00+00:00,2026-08-23 00:00:00+00:00,1,1,1.47,1.47,0.0,0.14285714285714285,1.0,,,,,,0.0,1,1,1,7
SOURCE_0521,2026-08-23 00:00:00+00:00,2026-08-24 00:00:00+00:00,2,2,1.3850000000000002,2.22,1.0,0.2857142857142857,2.0,24.0,0.0,24.0,24.0,24.0,0.0,2,2,2,7
SOURCE_0522,2026-08-23 00:00:00+00:00,2026-08-24 00:00:00+00:00,2,2,1.42,1.6,1.0,0.2857142857142857,2.0,24.0,0.0,24.0,24.0,24.0,0.0,2,2,2,7
SOURCE_0523,2026-08-23 00:00:00+00:00,2026-08-23 00:00:00+00:00,1,1,1.72,1.72,0.0,0.14285714285714285,1.0,,,,,,0.0,1,1,1,7
SOURCE_0524,2026-08-23 00:00:00+00:00,2026-08-24 00:00:00+00:00,2,2,1.375,2.2,1.0,0.2857142857142857,2.0,24.0,0.0,24.0,24.0,24.0,0.0,2,2,2,7
SOURCE_0525,2026-08-23 00:00:00+00:00,2026-08-23 00:00:00+00:00,2,1,1.605,1.71,0.0,0.14285714285714285,2.0,0.0,0.0,0.0,0.0,0.0,0.0,1,1,1,7
SOURCE_0526,2026-08-23 00:00:00+00:00,2026-08-23 00:00:00+00:00,1,1,1.09,1.09,0.0,0.14285714285714285,1.0,,,,,,0.0,1,1,1,7
SOURCE_0527,2026-08-23 00:00:00+00:00,2026-08-23 00:00:00+00:00,1,1,1.63,1.63,0.0,0.14285714285714285,1.0,,,,,,0.0,1,1,1,7
SOURCE_0528,2026-08-23 00:00:00+00:00,2026-08-23 00:00:00+00:00,1,1,1.5,1.5,0.0,0.14285714285714285,1.0,,,,,,0.0,1,1,1,7
SOURCE_0529,2026-08-24 00:00:00+00:00,2026-08-24 00:00:00+00:00,1,1,6.03,6.03,0.0,0.14285714285714285,1.0,,,,,,0.0,1,1,1,7
SOURCE_0530,2026-08-24 00:00:00+00:00,2026-08-24 00:00:00+00:00,3,1,3.01,3.01,0.0,0.14285714285714285,3.0,0.0,0.0,0.0,0.0,0.0,1.0,1,1,1,7
SOURCE_0531,2026-08-24 00:00:00+00:00,2026-08-24 00:00:00+00:00,1,1,3.33,3.33,0.0,0.14285714285714285,1.0,,,,,,0.0,1,1,1,7
SOURCE_0532,2026-08-24 00:00:00+00:00,2026-08-24 00:00:00+00:00,1,1,2.69,2.69,0.0,0.14285714285714285,1.0,,,,,,0.0,1,1,1,7
SOURCE_0533,2026-08-24 00:00:00+00:00,2026-08-24 00:00:00+00:00,1,1,0.76,0.76,0.0,0.14285714285714285,1.0,,,,,,0.0,1,1,1,7
SOURCE_0534,2026-08-24 00:00:00+00:00,2026-08-24 00:00:00+00:00,2,1,0.99,1.08,0.0,0.14285714285714285,2.0,0.0,0.0,0.0,0.0,0.0,0.0,1,1,1,7
SOURCE_0535,2026-08-25 00:00:00+00:00,2026-08-25 00:00:00+00:00,1,1,1.82,1.82,0.0,0.14285714285714285,1.0,,,,,,0.0,1,1,1,7
SOURCE_0536,2026-08-25 00:00:00+00:00,2026-08-25 00:00:00+00:00,1,1,1.35,1.35,0.0,0.14285714285714285,1.0,,,,,,0.0,1,1,1,7
SOURCE_0537,2026-08-25 00:00:00+00:00,2026-08-25 00:00:00+00:00,2,1,2.84,3.2,0.0,0.14285714285714285,2.0,0.0,0.0,0.0,0.0,0.0,0.0,1,1,1,7
SOURCE_0538,2026-08-25 00:00:00+00:00,2026-08-25 00:00:00+00:00,1,1,4.0,4.0,0.0,0.14285714285714285,1.0,,,,,,0.0,1,1,1,7
SOURCE_0539,2026-08-25 00:00:00+00:00,2026-08-25 00:00:00+00:00,1,1,1.05,1.05,0.0,0.14285714285714285,1.0,,,,,,0.0,1,1,1,7
SOURCE_0540,2026-08-25 00:00:00+00:00,2026-08-25 00:00:00+00:00,1,1,2.33,2.33,0.0,0.14285714285714285,1.0,,,,,,0.0,1,1,1,7
SOURCE_0541,2026-08-25 00:00:00+00:00,2026-08-25 00:00:00+00:00,1,1,1.7,1.7,0.0,0.14285714285714285,1.0,,,,,,0.0,1,1,1,7
SOURCE_0542,2026-08-25 00:00:00+00:00,2026-08-25 00:00:00+00:00,2,1,1.05,1.05,0.0,0.14285714285714285,2.0,0.0,0.0,0.0,0.0,0.0,0.0,1,1,1,7
SOURCE_0543,2026-08-25 00:00:00+00:00,2026-08-25 00:00:00+00:00,1,1,1.23,1.23,0.0,0.14285714285714285,1.0,,,,,,0.0,1,1,1,7
SOURCE_0544,2026-08-25 00:00:00+00:00,2026-08-25 00:00:00+00:00,2,1,0.71,0.71,0.0,0.14285714285714285,2.0,0.0,0.0,0.0,0.0,0.0,0.0,1,1,1,7
SOURCE_0545,2026-08-25 00:00:00+00:00,2026-08-25 00:00:00+00:00,2,1,2.415,2.76,0.0,0.14285714285714285,2.0,0.0,0.0,0.0,0.0,0.0,0.0,1,1,1,7
SOURCE_0546,2026-08-25 00:00:00+00:00,2026-08-25 00:00:00+00:00,1,1,1.29,1.29,0.0,0.14285714285714285,1.0,,,,,,0.0,1,1,1,7
SOURCE_0547,2026-08-25 00:00:00+00:00,2026-08-25 00:00:00+00:00,1,1,1.88,1.88,0.0,0.14285714285714285,1.0,,,,,,0.0,1,1,1,7
SOURCE_0548,2026-08-25 00:00:00+00:00,2026-08-25 00:00:00+00:00,2,1,1.27,1.27,0.0,0.14285714285714285,2.0,0.0,0.0,0.0,0.0,0.0,0.0,1,1,1,7
SOURCE_0549,2026-08-25 00:00:00+00:00,2026-08-25 00:00:00+00:00,1,1,2.81,2.81,0.0,0.14285714285714285,1.0,,,,,,0.0,1,1,1,7
SOURCE_0550,2026-08-25 00:00:00+00:00,2026-08-25 00:00:00+00:00,1,1,1.32,1.32,0.0,0.14285714285714285,1.0,,,,,,0.0,1,1,1,7
SOURCE_0551,2026-08-25 00:00:00+00:00,2026-08-25 00:00:00+00:00,3,1,0.9866666666666667,1.46,0.0,0.14285714285714285,3.0,0.0,0.0,0.0,0.0,0.0,1.0,1,1,1,7
SOURCE_0552,2026-08-25 00:00:00+00:00,2026-08-25 00:00:00+00:00,1,1,1.31,1.31,0.0,0.14285714285714285,1.0,,,,,,0.0,1,1,1,7
SOURCE_0553,2026-08-25 00:00:00+00:00,2026-08-25 00:00:00+00:00,1,1,2.91,2.91,0.0,0.14285714285714285,1.0,,,,,,0.0,1,1,1,7
SOURCE_0554,2026-08-25 00:00:00+00:00,2026-08-25 00:00:00+00:00,1,1,1.19,1.19,0.0,0.14285714285714285,1.0,,,,,,0.0,1,1,1,7
SOURCE_0555,2026-08-25 00:00:00+00:00,2026-08-25 00:00:00+00:00,1,1,3.85,3.85,0.0,0.14285714285714285,1.0,,,,,,0.0,1,1,1,7
SOURCE_0556,2026-08-25 00:00:00+00:00,2026-08-25 00:00:00+00:00,1,1,2.32,2.32,0.0,0.14285714285714285,1.0,,,,,,0.0,1,1,1,7
SOURCE_0557,2026-08-25 00:00:00+00:00,2026-08-25 00:00:00+00:00,1,1,2.78,2.78,0.0,0.14285714285714285,1.0,,,,,,0.0,1,1,1,7
SOURCE_0558,2026-08-25 00:00:00+00:00,2026-08-25 00:00:00+00:00,1,1,1.98,1.98,0.0,0.14285714285714285,1.0,,,,,,0.0,1,1,1,7
SOURCE_0559,2026-08-25 00:00:00+00:00,2026-08-25 00:00:00+00:00,1,1,1.21,1.21,0.0,0.14285714285714285,1.0,,,,,,0.0,1,1,1,7
SOURCE_0560,2026-08-25 00:00:00+00:00,2026-08-25 00:00:00+00:00,1,1,1.6,1.6,0.0,0.14285714285714285,1.0,,,,,,0.0,1,1,1,7
SOURCE_0561,2026-08-25 00:00:00+00:00,2026-08-25 00:00:00+00:00,1,1,0.9,0.9,0.0,0.14285714285714285,1.0,,,,,,0.0,1,1,1,7
SOURCE_0562,2026-08-25 00:00:00+00:00,2026-08-25 00:00:00+00:00,1,1,0.7,0.7,0.0,0.14285714285714285,1.0,,,,,,0.0,1,1,1,7
SOURCE_0563,2026-08-25 00:00:00+00:00,2026-08-25 00:00:00+00:00,1,1,1.6,1.6,0.0,0.14285714285714285,1.0,,,,,,0.0,1,1,1,7
